DATE,CORESTICKM159SFRBATL_NBD19680101,PPIACO_NBD19680101
1913-01-01,.,35.79882
1913-02-01,.,35.50296
1913-03-01,.,35.50296
1913-04-01,.,35.50296
1913-05-01,.,35.20710
1913-06-01,.,35.20710
1913-07-01,.,35.50296
1913-08-01,.,35.50296
1913-09-01,.,36.09467
1913-10-01,.,36.09467
1913-11-01,.,35.79882
1913-12-01,.,35.20710
1914-01-01,.,34.91124
1914-02-01,.,34.91124
1914-03-01,.,34.61538
1914-04-01,.,34.61538
1914-05-01,.,34.31953
1914-06-01,.,34.31953
1914-07-01,.,34.31953
1914-08-01,.,35.50296
1914-09-01,.,35.79882
1914-10-01,.,34.61538
1914-11-01,.,34.61538
1914-12-01,.,34.31953
1915-01-01,.,34.91124
1915-02-01,.,34.91124
1915-03-01,.,34.91124
1915-04-01,.,34.91124
1915-05-01,.,35.20710
1915-06-01,.,34.91124
1915-07-01,.,35.20710
1915-08-01,.,34.91124
1915-09-01,.,34.91124
1915-10-01,.,35.79882
1915-11-01,.,36.39053
1915-12-01,.,37.86982
1916-01-01,.,39.34911
1916-02-01,.,39.94083
1916-03-01,.,41.12426
1916-04-01,.,41.71598
1916-05-01,.,42.01183
1916-06-01,.,42.30769
1916-07-01,.,42.60355
1916-08-01,.,43.49112
1916-09-01,.,44.37870
1916-10-01,.,46.44970
1916-11-01,.,49.70414
1916-12-01,.,50.59172
1917-01-01,.,52.07101
1917-02-01,.,53.25444
1917-03-01,.,54.73373
1917-04-01,.,58.28402
1917-05-01,.,61.53846
1917-06-01,.,62.13018
1917-07-01,.,62.72189
1917-08-01,.,63.60947
1917-09-01,.,63.01775
1917-10-01,.,62.42604
1917-11-01,.,62.72189
1917-12-01,.,62.72189
1918-01-01,.,63.90533
1918-02-01,.,62.42604
1918-03-01,.,64.49704
1918-04-01,.,65.38462
1918-05-01,.,65.38462
1918-06-01,.,65.68047
1918-07-01,.,67.15976
1918-08-01,.,68.63905
1918-09-01,.,70.11834
1918-10-01,.,69.52663
1918-11-01,.,69.52663
1918-12-01,.,69.52663
1919-01-01,.,68.63905
1919-02-01,.,66.27219
1919-03-01,.,66.86391
1919-04-01,.,67.75148
1919-05-01,.,68.93491
1919-06-01,.,69.23077
1919-07-01,.,71.89349
1919-08-01,.,73.66864
1919-09-01,.,71.89349
1919-10-01,.,72.18935
1919-11-01,.,73.66864
1919-12-01,.,76.92308
1920-01-01,.,80.47337
1920-02-01,.,80.17751
1920-03-01,.,80.76923
1920-04-01,.,84.31953
1920-05-01,.,85.20710
1920-06-01,.,84.91124
1920-07-01,.,84.61538
1920-08-01,.,82.24852
1920-09-01,.,79.28994
1920-10-01,.,73.66864
1920-11-01,.,68.04734
1920-12-01,.,61.53846
1921-01-01,.,57.98817
1921-02-01,.,53.55030
1921-03-01,.,52.36686
1921-04-01,.,50.29586
1921-05-01,.,49.11243
1921-06-01,.,47.63314
1921-07-01,.,47.63314
1921-08-01,.,47.63314
1921-09-01,.,47.63314
1921-10-01,.,47.92899
1921-11-01,.,47.92899
1921-12-01,.,47.33728
1922-01-01,.,46.44970
1922-02-01,.,47.33728
1922-03-01,.,47.33728
1922-04-01,.,47.63314
1922-05-01,.,49.11243
1922-06-01,.,49.11243
1922-07-01,.,50.59172
1922-08-01,.,50.29586
1922-09-01,.,50.59172
1922-10-01,.,50.88757
1922-11-01,.,51.18343
1922-12-01,.,51.18343
1923-01-01,.,52.07101
1923-02-01,.,52.66272
1923-03-01,.,53.25444
1923-04-01,.,52.95858
1923-05-01,.,51.77515
1923-06-01,.,51.18343
1923-07-01,.,50.29586
1923-08-01,.,50.00000
1923-09-01,.,50.88757
1923-10-01,.,50.59172
1923-11-01,.,50.29586
1923-12-01,.,50.00000
1924-01-01,.,50.88757
1924-02-01,.,50.88757
1924-03-01,.,50.29586
1924-04-01,.,49.40828
1924-05-01,.,48.81657
1924-06-01,.,48.52071
1924-07-01,.,48.81657
1924-08-01,.,49.40828
1924-09-01,.,49.40828
1924-10-01,.,50.00000
1924-11-01,.,50.59172
1924-12-01,.,51.77515
1925-01-01,.,52.36686
1925-02-01,.,52.95858
1925-03-01,.,52.95858
1925-04-01,.,51.77515
1925-05-01,.,51.77515
1925-06-01,.,52.36686
1925-07-01,.,53.25444
1925-08-01,.,52.95858
1925-09-01,.,52.66272
1925-10-01,.,52.66272
1925-11-01,.,53.25444
1925-12-01,.,52.66272
1926-01-01,.,52.66272
1926-02-01,.,52.07101
1926-03-01,.,51.18343
1926-04-01,.,51.18343
1926-05-01,.,51.18343
1926-06-01,.,51.18343
1926-07-01,.,50.59172
1926-08-01,.,50.59172
1926-09-01,.,50.88757
1926-10-01,.,50.59172
1926-11-01,.,50.29586
1926-12-01,.,50.00000
1927-01-01,.,48.52071
1927-02-01,.,49.11243
1927-03-01,.,48.81657
1927-04-01,.,48.22485
1927-05-01,.,47.92899
1927-06-01,.,47.92899
1927-07-01,.,47.92899
1927-08-01,.,48.52071
1927-09-01,.,49.11243
1927-10-01,.,49.40828
1927-11-01,.,49.11243
1927-12-01,.,49.11243
1928-01-01,.,49.11243
1928-02-01,.,48.81657
1928-03-01,.,48.81657
1928-04-01,.,49.40828
1928-05-01,.,49.70414
1928-06-01,.,49.40828
1928-07-01,.,49.70414
1928-08-01,.,49.70414
1928-09-01,.,50.29586
1928-10-01,.,49.40828
1928-11-01,.,48.81657
1928-12-01,.,48.81657
1929-01-01,.,48.81657
1929-02-01,.,48.52071
1929-03-01,.,49.11243
1929-04-01,.,48.81657
1929-05-01,.,48.22485
1929-06-01,.,48.52071
1929-07-01,.,49.11243
1929-08-01,.,49.11243
1929-09-01,.,49.11243
1929-10-01,.,48.52071
1929-11-01,.,47.63314
1929-12-01,.,47.63314
1930-01-01,.,47.04142
1930-02-01,.,46.44970
1930-03-01,.,45.85799
1930-04-01,.,45.85799
1930-05-01,.,45.26627
1930-06-01,.,44.37870
1930-07-01,.,42.89941
1930-08-01,.,42.89941
1930-09-01,.,42.89941
1930-10-01,.,42.30769
1930-11-01,.,41.42012
1930-12-01,.,40.53254
1931-01-01,.,39.94083
1931-02-01,.,39.05325
1931-03-01,.,38.75740
1931-04-01,.,38.16568
1931-05-01,.,37.27811
1931-06-01,.,36.68639
1931-07-01,.,36.68639
1931-08-01,.,36.68639
1931-09-01,.,36.39053
1931-10-01,.,35.79882
1931-11-01,.,35.79882
1931-12-01,.,34.91124
1932-01-01,.,34.31953
1932-02-01,.,33.72781
1932-03-01,.,33.72781
1932-04-01,.,33.43195
1932-05-01,.,32.84024
1932-06-01,.,32.54438
1932-07-01,.,32.84024
1932-08-01,.,33.13609
1932-09-01,.,33.43195
1932-10-01,.,32.84024
1932-11-01,.,32.54438
1932-12-01,.,31.95266
1933-01-01,.,31.06509
1933-02-01,.,30.47337
1933-03-01,.,30.76923
1933-04-01,.,30.76923
1933-05-01,.,31.95266
1933-06-01,.,33.13609
1933-07-01,.,35.20710
1933-08-01,.,35.50296
1933-09-01,.,36.09467
1933-10-01,.,36.39053
1933-11-01,.,36.39053
1933-12-01,.,36.09467
1934-01-01,.,36.68639
1934-02-01,.,37.57396
1934-03-01,.,37.57396
1934-04-01,.,37.57396
1934-05-01,.,37.57396
1934-06-01,.,38.16568
1934-07-01,.,38.16568
1934-08-01,.,39.05325
1934-09-01,.,39.64497
1934-10-01,.,39.05325
1934-11-01,.,39.05325
1934-12-01,.,39.34911
1935-01-01,.,40.23669
1935-02-01,.,40.53254
1935-03-01,.,40.53254
1935-04-01,.,40.82840
1935-05-01,.,40.82840
1935-06-01,.,40.82840
1935-07-01,.,40.53254
1935-08-01,.,41.12426
1935-09-01,.,41.12426
1935-10-01,.,41.12426
1935-11-01,.,41.12426
1935-12-01,.,41.42012
1936-01-01,.,41.12426
1936-02-01,.,41.12426
1936-03-01,.,40.53254
1936-04-01,.,40.53254
1936-05-01,.,39.94083
1936-06-01,.,40.53254
1936-07-01,.,41.12426
1936-08-01,.,41.42012
1936-09-01,.,41.42012
1936-10-01,.,41.42012
1936-11-01,.,42.01183
1936-12-01,.,42.89941
1937-01-01,.,43.78698
1937-02-01,.,44.08284
1937-03-01,.,44.67456
1937-04-01,.,44.97041
1937-05-01,.,44.67456
1937-06-01,.,44.37870
1937-07-01,.,44.97041
1937-08-01,.,44.67456
1937-09-01,.,44.67456
1937-10-01,.,43.49112
1937-11-01,.,42.60355
1937-12-01,.,41.71598
1938-01-01,.,41.42012
1938-02-01,.,40.82840
1938-03-01,.,40.53254
1938-04-01,.,39.94083
1938-05-01,.,39.94083
1938-06-01,.,39.94083
1938-07-01,.,40.23669
1938-08-01,.,39.64497
1938-09-01,.,39.94083
1938-10-01,.,39.64497
1938-11-01,.,39.64497
1938-12-01,.,39.34911
1939-01-01,.,39.34911
1939-02-01,.,39.34911
1939-03-01,.,39.05325
1939-04-01,.,38.75740
1939-05-01,.,38.75740
1939-06-01,.,38.46154
1939-07-01,.,38.46154
1939-08-01,.,38.16568
1939-09-01,.,40.23669
1939-10-01,.,40.53254
1939-11-01,.,40.23669
1939-12-01,.,40.53254
1940-01-01,.,40.53254
1940-02-01,.,40.23669
1940-03-01,.,39.94083
1940-04-01,.,39.94083
1940-05-01,.,39.94083
1940-06-01,.,39.64497
1940-07-01,.,39.64497
1940-08-01,.,39.64497
1940-09-01,.,39.64497
1940-10-01,.,40.23669
1940-11-01,.,40.53254
1940-12-01,.,40.82840
1941-01-01,.,41.12426
1941-02-01,.,41.12426
1941-03-01,.,41.42012
1941-04-01,.,42.60355
1941-05-01,.,43.19527
1941-06-01,.,44.37870
1941-07-01,.,45.26627
1941-08-01,.,46.15385
1941-09-01,.,46.74556
1941-10-01,.,47.04142
1941-11-01,.,47.04142
1941-12-01,.,47.92899
1942-01-01,.,48.81657
1942-02-01,.,49.40828
1942-03-01,.,49.70414
1942-04-01,.,50.29586
1942-05-01,.,50.29586
1942-06-01,.,50.29586
1942-07-01,.,50.29586
1942-08-01,.,50.59172
1942-09-01,.,50.88757
1942-10-01,.,50.88757
1942-11-01,.,51.18343
1942-12-01,.,51.47929
1943-01-01,.,51.77515
1943-02-01,.,52.36686
1943-03-01,.,52.66272
1943-04-01,.,52.95858
1943-05-01,.,52.95858
1943-06-01,.,52.95858
1943-07-01,.,52.66272
1943-08-01,.,52.66272
1943-09-01,.,52.66272
1943-10-01,.,52.66272
1943-11-01,.,52.36686
1943-12-01,.,52.66272
1944-01-01,.,52.66272
1944-02-01,.,52.66272
1944-03-01,.,52.95858
1944-04-01,.,52.95858
1944-05-01,.,52.95858
1944-06-01,.,53.25444
1944-07-01,.,52.95858
1944-08-01,.,52.95858
1944-09-01,.,52.95858
1944-10-01,.,52.95858
1944-11-01,.,53.25444
1944-12-01,.,53.25444
1945-01-01,.,53.55030
1945-02-01,.,53.55030
1945-03-01,.,53.55030
1945-04-01,.,53.84615
1945-05-01,.,54.14201
1945-06-01,.,54.14201
1945-07-01,.,54.14201
1945-08-01,.,53.84615
1945-09-01,.,53.55030
1945-10-01,.,53.84615
1945-11-01,.,54.43787
1945-12-01,.,54.43787
1946-01-01,.,54.43787
1946-02-01,.,54.73373
1946-03-01,.,55.62130
1946-04-01,.,56.21302
1946-05-01,.,56.50888
1946-06-01,.,57.39645
1946-07-01,.,63.60947
1946-08-01,.,65.68047
1946-09-01,.,63.31361
1946-10-01,.,68.34320
1946-11-01,.,71.30178
1946-12-01,.,71.89349
1947-01-01,.,72.48521
1947-02-01,.,73.07692
1947-03-01,.,74.85207
1947-04-01,.,74.26036
1947-05-01,.,73.96450
1947-06-01,.,73.96450
1947-07-01,.,74.85207
1947-08-01,.,75.73964
1947-09-01,.,77.21893
1947-10-01,.,78.10651
1947-11-01,.,78.99408
1947-12-01,.,80.47337
1948-01-01,.,81.95266
1948-02-01,.,80.47337
1948-03-01,.,80.47337
1948-04-01,.,81.06509
1948-05-01,.,81.36095
1948-06-01,.,81.95266
1948-07-01,.,82.84024
1948-08-01,.,83.43195
1948-09-01,.,83.13609
1948-10-01,.,82.24852
1948-11-01,.,82.24852
1948-12-01,.,81.65680
1949-01-01,.,80.76923
1949-02-01,.,79.28994
1949-03-01,.,79.28994
1949-04-01,.,78.40237
1949-05-01,.,77.81065
1949-06-01,.,76.92308
1949-07-01,.,76.92308
1949-08-01,.,76.92308
1949-09-01,.,77.21893
1949-10-01,.,76.92308
1949-11-01,.,76.92308
1949-12-01,.,76.62722
1950-01-01,.,76.62722
1950-02-01,.,77.21893
1950-03-01,.,77.21893
1950-04-01,.,77.21893
1950-05-01,.,78.10651
1950-06-01,.,78.69822
1950-07-01,.,80.76923
1950-08-01,.,82.54438
1950-09-01,.,84.02367
1950-10-01,.,84.61538
1950-11-01,.,85.79882
1950-12-01,.,87.86982
1951-01-01,.,90.23669
1951-02-01,.,91.42012
1951-03-01,.,91.42012
1951-04-01,.,91.12426
1951-05-01,.,90.82840
1951-06-01,.,90.23669
1951-07-01,.,89.64497
1951-08-01,.,89.05325
1951-09-01,.,89.05325
1951-10-01,.,89.05325
1951-11-01,.,89.05325
1951-12-01,.,89.05325
1952-01-01,.,88.75740
1952-02-01,.,88.16568
1952-03-01,.,88.16568
1952-04-01,.,87.57396
1952-05-01,.,87.57396
1952-06-01,.,87.27811
1952-07-01,.,87.57396
1952-08-01,.,88.16568
1952-09-01,.,87.57396
1952-10-01,.,87.27811
1952-11-01,.,86.68639
1952-12-01,.,86.09467
1953-01-01,.,86.09467
1953-02-01,.,86.09467
1953-03-01,.,86.39053
1953-04-01,.,85.79882
1953-05-01,.,86.09467
1953-06-01,.,85.79882
1953-07-01,.,86.98225
1953-08-01,.,86.68639
1953-09-01,.,86.98225
1953-10-01,.,86.39053
1953-11-01,.,86.09467
1953-12-01,.,86.39053
1954-01-01,.,86.98225
1954-02-01,.,86.68639
1954-03-01,.,86.68639
1954-04-01,.,86.98225
1954-05-01,.,86.98225
1954-06-01,.,86.39053
1954-07-01,.,86.68639
1954-08-01,.,86.68639
1954-09-01,.,86.39053
1954-10-01,.,86.09467
1954-11-01,.,86.39053
1954-12-01,.,85.79882
1955-01-01,.,86.39053
1955-02-01,.,86.68639
1955-03-01,.,86.39053
1955-04-01,.,86.68639
1955-05-01,.,86.09467
1955-06-01,.,86.68639
1955-07-01,.,86.68639
1955-08-01,.,86.98225
1955-09-01,.,87.57396
1955-10-01,.,87.57396
1955-11-01,.,87.27811
1955-12-01,.,87.27811
1956-01-01,.,87.86982
1956-02-01,.,88.16568
1956-03-01,.,88.46154
1956-04-01,.,89.05325
1956-05-01,.,89.64497
1956-06-01,.,89.64497
1956-07-01,.,89.34911
1956-08-01,.,89.94083
1956-09-01,.,90.53254
1956-10-01,.,90.53254
1956-11-01,.,90.82840
1956-12-01,.,91.12426
1957-01-01,.,91.71598
1957-02-01,.,91.71598
1957-03-01,.,91.71598
1957-04-01,.,92.01183
1957-05-01,.,91.71598
1957-06-01,.,92.01183
1957-07-01,.,92.60355
1957-08-01,.,92.89941
1957-09-01,.,92.60355
1957-10-01,.,92.30769
1957-11-01,.,92.60355
1957-12-01,.,92.89941
1958-01-01,.,93.19527
1958-02-01,.,93.19527
1958-03-01,.,93.78698
1958-04-01,.,93.49112
1958-05-01,.,93.78698
1958-06-01,.,93.49112
1958-07-01,.,93.49112
1958-08-01,.,93.49112
1958-09-01,.,93.49112
1958-10-01,.,93.19527
1958-11-01,.,93.49112
1958-12-01,.,93.49112
1959-01-01,.,93.78698
1959-02-01,.,93.78698
1959-03-01,.,93.78698
1959-04-01,.,94.08284
1959-05-01,.,94.08284
1959-06-01,.,93.78698
1959-07-01,.,93.78698
1959-08-01,.,93.49112
1959-09-01,.,93.78698
1959-10-01,.,93.49112
1959-11-01,.,93.19527
1959-12-01,.,93.19527
1960-01-01,.,93.49112
1960-02-01,.,93.49112
1960-03-01,.,94.08284
1960-04-01,.,94.08284
1960-05-01,.,93.78698
1960-06-01,.,93.78698
1960-07-01,.,93.78698
1960-08-01,.,93.49112
1960-09-01,.,93.49112
1960-10-01,.,93.78698
1960-11-01,.,93.78698
1960-12-01,.,93.78698
1961-01-01,.,94.08284
1961-02-01,.,94.08284
1961-03-01,.,94.08284
1961-04-01,.,93.49112
1961-05-01,.,93.19527
1961-06-01,.,92.60355
1961-07-01,.,93.19527
1961-08-01,.,93.19527
1961-09-01,.,93.19527
1961-10-01,.,93.19527
1961-11-01,.,93.19527
1961-12-01,.,93.49112
1962-01-01,.,93.78698
1962-02-01,.,93.78698
1962-03-01,.,93.78698
1962-04-01,.,93.49112
1962-05-01,.,93.19527
1962-06-01,.,93.19527
1962-07-01,.,93.49112
1962-08-01,.,93.49112
1962-09-01,.,94.37870
1962-10-01,.,93.78698
1962-11-01,.,93.78698
1962-12-01,.,93.49112
1963-01-01,.,93.49112
1963-02-01,.,93.19527
1963-03-01,.,93.19527
1963-04-01,.,92.89941
1963-05-01,.,93.19527
1963-06-01,.,93.49112
1963-07-01,.,93.78698
1963-08-01,.,93.49112
1963-09-01,.,93.49112
1963-10-01,.,93.49112
1963-11-01,.,93.78698
1963-12-01,.,93.49112
1964-01-01,.,94.08284
1964-02-01,.,93.49112
1964-03-01,.,93.49112
1964-04-01,.,93.49112
1964-05-01,.,93.19527
1964-06-01,.,93.19527
1964-07-01,.,93.49112
1964-08-01,.,93.49112
1964-09-01,.,93.78698
1964-10-01,.,93.78698
1964-11-01,.,93.78698
1964-12-01,.,93.78698
1965-01-01,.,94.08284
1965-02-01,.,94.37870
1965-03-01,.,94.37870
1965-04-01,.,94.67456
1965-05-01,.,94.97041
1965-06-01,.,95.85799
1965-07-01,.,95.85799
1965-08-01,.,95.85799
1965-09-01,.,95.85799
1965-10-01,.,96.15385
1965-11-01,.,96.44970
1965-12-01,.,97.04142
1966-01-01,.,97.33728
1966-02-01,.,98.22485
1966-03-01,.,98.22485
1966-04-01,.,98.22485
1966-05-01,.,98.22485
1966-06-01,.,98.52071
1966-07-01,.,99.11243
1966-08-01,.,99.40828
1966-09-01,.,99.40828
1966-10-01,.,98.81657
1966-11-01,.,98.52071
1966-12-01,.,98.52071
1967-01-01,.,98.81657
1967-02-01,.,98.81657
1967-03-01,.,98.52071
1967-04-01,.,97.92899
1967-05-01,.,98.52071
1967-06-01,.,99.11243
1967-07-01,.,99.11243
1967-08-01,.,98.81657
1967-09-01,.,98.81657
1967-10-01,.,98.81657
1967-11-01,.,98.81657
1967-12-01,.,99.70414
1968-01-01,100.00000,100.00000
1968-02-01,100.60129,100.59172
1968-03-01,113.42611,100.88757
1968-04-01,113.80028,100.88757
1968-05-01,111.94964,101.18343
1968-06-01,124.47268,101.18343
1968-07-01,130.15491,101.47929
1968-08-01,135.45440,101.18343
1968-09-01,135.49932,101.77515
1968-10-01,141.91647,101.77515
1968-11-01,147.85305,102.07101
1968-12-01,156.25862,102.36686
1969-01-01,157.34982,102.95858
1969-02-01,157.45276,103.55030
1969-03-01,167.72702,104.14201
1969-04-01,178.14534,104.43787
1969-05-01,185.67612,105.02959
1969-06-01,174.59498,105.62130
1969-07-01,174.95925,105.91716
1969-08-01,175.65692,105.62130
1969-09-01,187.15822,105.91716
1969-10-01,179.63735,106.21302
1969-11-01,176.27698,106.80473
1969-12-01,175.31236,107.39645
1970-01-01,180.52083,107.98817
1970-02-01,193.15647,108.57988
1970-03-01,191.49404,108.57988
1970-04-01,186.69489,108.87574
1970-05-01,190.25189,108.87574
1970-06-01,195.84466,109.17160
1970-07-01,191.89875,109.76331
1970-08-01,194.82867,109.17160
1970-09-01,193.90834,109.76331
1970-10-01,193.26141,109.76331
1970-11-01,200.65440,109.76331
1970-12-01,201.06683,109.76331
1971-01-01,192.08995,110.35503
1971-02-01,173.32546,111.53846
1971-03-01,150.65218,111.83432
1971-04-01,145.30265,112.13018
1971-05-01,138.56713,112.72189
1971-06-01,143.46657,113.01775
1971-07-01,141.43594,113.31361
1971-08-01,134.55114,113.90533
1971-09-01,127.94532,113.31361
1971-10-01,119.84510,113.31361
1971-11-01,108.25039,113.31361
1971-12-01,100.69546,114.20118
1972-01-01,102.09262,114.79290
1972-02-01,105.19302,115.97633
1972-03-01,111.11913,115.97633
1972-04-01,108.75011,116.27219
1972-05-01,105.80532,116.86391
1972-06-01,95.52910,117.45562
1972-07-01,94.94723,118.34320
1972-08-01,92.17572,118.63905
1972-09-01,85.56531,118.93491
1972-10-01,91.21763,118.63905
1972-11-01,89.50329,119.23077
1972-12-01,86.19761,121.59763
1973-01-01,77.84531,123.07692
1973-02-01,78.89519,125.44379
1973-03-01,80.21593,128.40237
1973-04-01,83.01803,128.99408
1973-05-01,86.95356,131.65680
1973-06-01,84.85382,134.61538
1973-07-01,82.51463,132.84024
1973-08-01,90.98685,140.53254
1973-09-01,108.01637,138.16568
1973-10-01,130.48794,136.98225
1973-11-01,134.93927,137.57396
1973-12-01,145.35218,140.23669
1974-01-01,160.07665,144.97041
1974-02-01,172.28306,147.92899
1974-03-01,186.64902,149.70414
1974-04-01,194.55070,150.88757
1974-05-01,211.62677,153.25444
1974-06-01,235.94461,153.84615
1974-07-01,260.88054,159.76331
1974-08-01,276.65924,165.38462
1974-09-01,290.07429,165.38462
1974-10-01,289.20783,168.34320
1974-11-01,300.82544,169.82249
1974-12-01,314.79957,169.52663
1975-01-01,318.31382,169.82249
1975-02-01,322.68849,169.23077
1975-03-01,316.92850,168.34320
1975-04-01,320.33945,170.11834
1975-05-01,299.21542,171.30178
1975-06-01,285.68918,171.59763
1975-07-01,267.46449,173.66864
1975-08-01,244.27517,174.55621
1975-09-01,233.31723,175.73964
1975-10-01,222.06725,176.92308
1975-11-01,221.61193,176.03550
1975-12-01,210.44582,176.62722
1976-01-01,210.60611,177.21893
1976-02-01,201.91530,177.21893
1976-03-01,200.85139,177.51479
1976-04-01,187.50604,179.28994
1976-05-01,190.74896,179.88166
1976-06-01,188.15111,181.06509
1976-07-01,194.10908,182.24852
1976-08-01,201.33643,181.65680
1976-09-01,194.20737,182.84024
1976-10-01,188.35256,183.13609
1976-11-01,181.06464,183.43195
1976-12-01,169.68547,184.91124
1977-01-01,165.63906,185.79882
1977-02-01,165.73232,187.86982
1977-03-01,167.11721,189.64497
1977-04-01,180.20006,192.01183
1977-05-01,184.59195,192.89941
1977-06-01,189.49837,192.30769
1977-07-01,188.42860,192.60355
1977-08-01,187.10110,192.30769
1977-09-01,188.21881,193.19527
1977-10-01,190.31788,194.08284
1977-11-01,191.66937,194.67456
1977-12-01,201.65041,195.85799
1978-01-01,201.86934,197.63314
1978-02-01,201.02176,199.70414
1978-03-01,203.55657,201.47929
1978-04-01,203.01450,204.14201
1978-05-01,209.30400,205.62130
1978-06-01,210.28084,207.10059
1978-07-01,216.67962,208.28402
1978-08-01,223.90213,208.28402
1978-09-01,234.84322,210.05917
1978-10-01,247.44823,212.42604
1978-11-01,252.24193,213.31361
1978-12-01,248.03826,215.08876
1979-01-01,248.38065,218.34320
1979-02-01,262.09530,221.59763
1979-03-01,264.93738,224.26036
1979-04-01,271.61366,227.51479
1979-05-01,276.08872,229.28994
1979-06-01,281.20383,230.76923
1979-07-01,287.64368,234.31953
1979-08-01,299.45711,235.50296
1979-09-01,300.77056,239.34911
1979-10-01,308.26157,242.89941
1979-11-01,326.58932,244.37870
1979-12-01,348.70403,246.74556
1980-01-01,368.84579,252.07101
1980-02-01,372.39896,257.10059
1980-03-01,392.44832,258.87574
1980-04-01,404.04618,259.76331
1980-05-01,413.90602,261.24260
1980-06-01,431.94871,262.42604
1980-07-01,387.01939,267.15976
1980-08-01,363.33144,270.71006
1980-09-01,358.38583,271.30178
1980-10-01,358.28824,274.55621
1980-11-01,352.43953,275.73964
1980-12-01,347.36404,277.51479
1981-01-01,329.09523,281.65680
1981-02-01,307.49448,284.31953
1981-03-01,282.57760,286.98225
1981-04-01,265.90816,289.94083
1981-05-01,262.96621,290.82840
1981-06-01,252.25953,291.42012
1981-07-01,307.73981,292.89941
1981-08-01,323.63614,292.89941
1981-09-01,334.86936,292.30769
1981-10-01,308.50713,292.60355
1981-11-01,288.18280,292.30769
1981-12-01,269.88408,292.30769
1982-01-01,259.31554,294.97041
1982-02-01,261.23195,295.26627
1982-03-01,243.44931,294.67456
1982-04-01,248.67115,294.67456
1982-05-01,247.89949,295.26627
1982-06-01,243.11537,295.85799
1982-07-01,216.03741,297.04142
1982-08-01,200.69481,296.74556
1982-09-01,163.74030,295.85799
1982-10-01,163.72333,296.44970
1982-11-01,145.25561,296.74556
1982-12-01,116.34082,297.33728
1983-01-01,121.16033,296.44970
1983-02-01,119.28756,297.33728
1983-03-01,125.58888,297.04142
1983-04-01,114.67357,297.04142
1983-05-01,89.96155,298.22485
1983-06-01,70.71639,298.81657
1983-07-01,64.90722,299.70414
1983-08-01,62.79663,301.18343
1983-09-01,73.63137,301.77515
1983-10-01,77.69983,302.36686
1983-11-01,95.74857,302.07101
1983-12-01,122.00839,302.66272
1984-01-01,122.43074,304.43787
1984-02-01,123.47789,305.32544
1984-03-01,127.02637,307.39645
1984-04-01,126.84435,307.69231
1984-05-01,128.53623,307.98817
1984-06-01,130.70176,307.69231
1984-07-01,133.67329,308.28402
1984-08-01,137.40604,307.10059
1984-09-01,140.26850,305.91716
1984-10-01,139.27783,305.91716
1984-11-01,135.58566,306.80473
1984-12-01,137.87099,306.21302
1985-01-01,129.09609,305.91716
1985-02-01,133.08536,305.62130
1985-03-01,135.55760,305.02959
1985-04-01,129.87488,305.62130
1985-05-01,137.57947,306.21302
1985-06-01,138.08223,305.62130
1985-07-01,135.12174,305.32544
1985-08-01,135.03932,303.84615
1985-09-01,130.68011,302.07101
1985-10-01,133.55796,304.43787
1985-11-01,140.59632,305.91716
1985-12-01,137.33890,306.50888
1986-01-01,144.60991,305.32544
1986-02-01,139.90826,300.88757
1986-03-01,142.73479,296.74556
1986-04-01,146.57369,294.67456
1986-05-01,137.59168,295.85799
1986-06-01,137.65271,295.56213
1986-07-01,135.83288,294.08284
1986-08-01,132.08214,293.78698
1986-09-01,135.47884,294.08284
1986-10-01,133.67602,294.97041
1986-11-01,125.28277,295.26627
1986-12-01,127.46681,294.97041
1987-01-01,123.00879,297.33728
1987-02-01,121.90310,298.81657
1987-03-01,117.09147,299.40828
1987-04-01,119.69797,301.47929
1987-05-01,121.29466,303.55030
1987-06-01,114.68083,304.73373
1987-07-01,114.42840,306.21302
1987-08-01,117.55790,307.10059
1987-09-01,117.91060,306.80473
1987-10-01,119.30854,307.98817
1987-11-01,118.55917,308.28402
1987-12-01,117.52225,308.28402
1988-01-01,119.75357,309.46746
1988-02-01,119.81914,310.05917
1988-03-01,121.60750,310.35503
1988-04-01,119.82860,313.01775
1988-05-01,121.38065,315.08876
1988-06-01,127.96539,317.15976
1988-07-01,128.72531,319.23077
1988-08-01,127.99655,319.52663
1988-09-01,129.28204,319.82249
1988-10-01,126.17915,320.11834
1988-11-01,129.87633,320.41420
1988-12-01,131.16695,322.48521
1989-01-01,130.02142,326.92308
1989-02-01,130.98892,327.81065
1989-03-01,130.08203,329.88166
1989-04-01,126.46943,332.24852
1989-05-01,129.87208,334.91124
1989-06-01,129.93671,334.02367
1989-07-01,134.00859,333.72781
1989-08-01,132.92260,331.36095
1989-09-01,127.87702,332.54438
1989-10-01,131.52016,333.72781
1989-11-01,131.37326,333.43195
1989-12-01,132.23412,334.31953
1990-01-01,134.33995,339.94083
1990-02-01,134.65899,338.46154
1990-03-01,142.16107,337.86982
1990-04-01,144.50126,337.57396
1990-05-01,141.48217,339.05325
1990-06-01,147.06742,338.16568
1990-07-01,151.06287,338.75740
1990-08-01,159.81634,344.67456
1990-09-01,162.39282,350.29586
1990-10-01,158.78222,357.39645
1990-11-01,155.62225,355.32544
1990-12-01,154.74554,351.18343
1991-01-01,159.24183,352.07101
1991-02-01,160.53072,346.74556
1991-03-01,149.90397,343.78698
1991-04-01,144.47867,343.19527
1991-05-01,143.00779,344.67456
1991-06-01,135.12710,344.37870
1991-07-01,129.06872,343.49112
1991-08-01,120.29742,343.78698
1991-09-01,121.68028,343.49112
1991-10-01,117.44675,344.37870
1991-11-01,119.10852,344.37870
1991-12-01,119.03431,342.89941
1992-01-01,110.96558,342.01183
1992-02-01,105.74786,343.19527
1992-03-01,108.87173,343.49112
1992-04-01,111.35251,344.08284
1992-05-01,107.51807,346.74556
1992-06-01,105.70469,349.11243
1992-07-01,103.21772,348.81657
1992-08-01,99.34989,348.22485
1992-09-01,91.71318,349.11243
1992-10-01,99.56333,349.40828
1992-11-01,99.38685,348.52071
1992-12-01,95.24630,347.92899
1993-01-01,96.62074,349.11243
1993-02-01,97.53530,350.29586
1993-03-01,91.30764,351.18343
1993-04-01,93.21926,352.95858
1993-05-01,96.73798,354.14201
1993-06-01,97.73994,353.55030
1993-07-01,93.72253,352.66272
1993-08-01,96.08281,351.18343
1993-09-01,99.74048,351.18343
1993-10-01,93.78060,352.36686
1993-11-01,94.09660,352.07101
1993-12-01,97.16897,350.88757
1994-01-01,92.43944,352.36686
1994-02-01,93.53917,352.95858
1994-03-01,97.76251,354.14201
1994-04-01,91.85447,354.14201
1994-05-01,88.32573,354.73373
1994-06-01,87.48248,356.50888
1994-07-01,88.55430,357.10059
1994-08-01,90.54874,358.57988
1994-09-01,89.11296,357.98817
1994-10-01,86.64799,357.69231
1994-11-01,85.66268,359.46746
1994-12-01,79.45118,360.65089
1995-01-01,86.09859,363.60947
1995-02-01,85.54816,365.38462
1995-03-01,86.73608,366.56805
1995-04-01,90.54793,368.63905
1995-05-01,91.87903,369.52663
1995-06-01,91.24891,370.71006
1995-07-01,92.74583,370.71006
1995-08-01,88.67098,370.11834
1995-09-01,91.78053,370.41420
1995-10-01,94.85892,370.71006
1995-11-01,92.55447,371.00592
1995-12-01,92.55088,371.89349
1996-01-01,89.73712,373.66864
1996-02-01,89.26781,373.37278
1996-03-01,85.83297,373.96450
1996-04-01,82.28073,376.92308
1996-05-01,83.45806,378.99408
1996-06-01,83.56793,378.69822
1996-07-01,84.54378,378.69822
1996-08-01,84.43567,379.58580
1996-09-01,83.87751,379.28994
1996-10-01,80.60936,378.69822
1996-11-01,81.61292,379.28994
1996-12-01,83.69491,381.95266
1997-01-01,79.75153,383.72781
1997-02-01,76.74073,380.17751
1997-03-01,78.16858,376.62722
1997-04-01,79.71060,375.73964
1997-05-01,78.59563,376.92308
1997-06-01,77.45217,376.33136
1997-07-01,75.36539,375.44379
1997-08-01,72.66626,376.33136
1997-09-01,69.68513,377.21893
1997-10-01,71.71414,378.10651
1997-11-01,69.78855,378.40237
1997-12-01,71.78629,375.14793
1998-01-01,73.20043,371.00592
1998-02-01,73.70359,369.82249
1998-03-01,73.17650,368.93491
1998-04-01,72.30554,369.52663
1998-05-01,71.50688,370.11834
1998-06-01,71.20217,369.23077
1998-07-01,71.28792,369.52663
1998-08-01,72.12712,367.45562
1998-09-01,71.03824,366.27219
1998-10-01,69.41820,366.86391
1998-11-01,69.10399,365.68047
1998-12-01,66.75563,363.31361
1999-01-01,65.25758,363.60947
1999-02-01,63.42613,361.83432
1999-03-01,61.27032,362.72189
1999-04-01,60.97143,365.68047
1999-05-01,58.96495,368.93491
1999-06-01,56.69066,370.41420
1999-07-01,57.81009,371.89349
1999-08-01,57.36360,375.44379
1999-09-01,56.70385,378.69822
1999-10-01,56.12536,377.81065
1999-11-01,58.81442,379.58580
1999-12-01,59.36283,378.10651
2000-01-01,63.95421,379.58580
2000-02-01,65.15092,384.02367
2000-03-01,68.00056,386.98225
2000-04-01,65.97291,386.68639
2000-05-01,70.06419,389.34911
2000-06-01,73.97576,395.85799
2000-07-01,74.29007,395.56213
2000-08-01,78.72200,393.19527
2000-09-01,79.33166,398.52071
2000-10-01,79.95761,400.59172
2000-11-01,78.59404,399.40828
2000-12-01,81.38560,402.95858
2001-01-01,78.82195,414.20118
2001-02-01,81.59516,406.50888
2001-03-01,81.10621,402.07101
2001-04-01,84.64484,403.55030
2001-05-01,84.17653,404.73373
2001-06-01,87.64350,400.88757
2001-07-01,87.84044,394.67456
2001-08-01,89.04263,394.67456
2001-09-01,92.79504,394.37870
2001-10-01,95.40522,385.50296
2001-11-01,98.63461,384.02367
2001-12-01,97.61929,378.99408
2002-01-01,97.41507,380.17751
2002-02-01,96.59283,379.88166
2002-03-01,94.97842,384.02367
2002-04-01,94.90564,386.98225
2002-05-01,94.53076,386.98225
2002-06-01,88.76822,387.27811
2002-07-01,89.37103,388.16568
2002-08-01,86.16415,389.05325
2002-09-01,82.87845,391.42012
2002-10-01,80.43006,394.08284
2002-11-01,77.33925,393.78698
2002-12-01,76.45866,393.19527
2003-01-01,76.07516,400.29586
2003-02-01,73.81497,407.10059
2003-03-01,71.72055,417.75148
2003-04-01,67.10477,404.73373
2003-05-01,64.03825,404.43787
2003-06-01,61.93272,408.28402
2003-07-01,61.01593,407.39645
2003-08-01,59.01887,408.28402
2003-09-01,59.53981,409.76331
2003-10-01,58.89274,412.13018
2003-11-01,55.47736,410.94675
2003-12-01,53.88395,412.72189
2004-01-01,53.39231,418.34320
2004-02-01,55.78408,420.41420
2004-03-01,58.23242,423.37278
2004-04-01,61.55445,428.40237
2004-05-01,61.02675,434.31953
2004-06-01,64.92013,435.50296
2004-07-01,61.74926,436.09467
2004-08-01,61.60341,437.86982
2004-09-01,61.11733,436.98225
2004-10-01,61.04649,443.78698
2004-11-01,62.81173,447.92899
2004-12-01,63.09627,444.37870
2005-01-01,63.22354,446.44970
2005-02-01,62.41053,448.52071
2005-03-01,61.30173,454.73373
2005-04-01,61.11506,458.57988
2005-05-01,64.35927,456.50888
2005-06-01,59.99703,456.50888
2005-07-01,62.77816,462.42604
2005-08-01,61.79874,466.27219
2005-09-01,63.70763,479.88166
2005-10-01,63.48045,491.71598
2005-11-01,66.40206,484.31953
2005-12-01,67.44621,482.24852
2006-01-01,66.94713,486.09467
2006-02-01,68.26486,478.69822
2006-03-01,70.52155,479.88166
2006-04-01,73.25826,486.09467
2006-05-01,76.08192,490.53254
2006-06-01,82.95179,491.42012
2006-07-01,84.59213,493.49112
2006-08-01,88.17151,496.74556
2006-09-01,87.81972,489.34911
2006-10-01,89.98064,479.88166
2006-11-01,86.01784,486.98225
2006-12-01,85.32362,489.94083
2007-01-01,85.89412,485.20710
2007-02-01,86.32388,493.49112
2007-03-01,84.88516,500.88757
2007-04-01,80.98515,507.10059
2007-05-01,75.96672,512.72189
2007-06-01,71.79118,514.20118
2007-07-01,69.15165,518.04734
2007-08-01,67.34002,510.05917
2007-09-01,67.77374,513.31361
2007-10-01,68.31125,516.86391
2007-11-01,72.55123,529.58580
2007-12-01,74.27435,528.40237
2008-01-01,75.24095,535.50296
2008-02-01,71.68230,540.53254
2008-03-01,73.63229,555.91716
2008-04-01,74.63332,564.79290
2008-05-01,76.48273,581.65680
2008-06-01,80.34071,593.19527
2008-07-01,82.43753,607.98817
2008-08-01,84.36151,588.75740
2008-09-01,84.11133,582.54438
2008-10-01,80.01983,551.47929
2008-11-01,76.04618,523.07692
2008-12-01,71.59382,505.62130
2009-01-01,69.44336,506.50888
2009-02-01,69.62395,500.88757
2009-03-01,66.75229,497.33728
2009-04-01,64.62223,500.29586
2009-05-01,62.26455,505.32544
2009-06-01,56.90422,515.08876
2009-07-01,52.30790,510.35503
2009-08-01,48.11374,517.75148
2009-09-01,43.89121,515.08876
2009-10-01,41.32693,518.34320
2009-11-01,37.28425,524.85207
2009-12-01,36.11241,526.92308
2010-01-01,32.05938,538.16568
2010-02-01,28.71643,535.50296
2010-03-01,25.34331,542.30769
2010-04-01,23.80740,545.56213
2010-05-01,21.72323,546.74556
2010-06-01,21.30455,542.89941
2010-07-01,20.37511,544.67456
2010-08-01,18.92503,547.04142
2010-09-01,18.17891,547.04142
2010-10-01,18.41073,552.07101
2010-11-01,22.54486,555.32544
2010-12-01,22.74955,561.24260
2011-01-01,26.12353,570.11834
2011-02-01,30.60984,579.28994
2011-03-01,32.31153,589.34911
2011-04-01,33.14187,600.88757
2011-05-01,34.39559,603.84615
2011-06-01,35.43262,603.25444
2011-07-01,38.84157,605.32544
2011-08-01,45.22193,601.18343
2011-09-01,47.14076,602.66272
2011-10-01,50.27146,594.97041
2011-11-01,50.26024,595.85799
2011-12-01,56.00098,591.12426
2012-01-01,57.87052,593.78698
2012-02-01,55.20692,596.44970
2012-03-01,58.12924,604.14201
2012-04-01,60.01860,602.66272
2012-05-01,59.92022,597.33728
2012-06-01,61.30921,591.12426
2012-07-01,61.89937,592.01183
2012-08-01,59.45106,599.70414
2012-09-01,60.77047,604.73373
2012-10-01,60.42193,602.07101
2012-11-01,60.12444,597.04142
2012-12-01,57.70009,596.15385
2013-01-01,56.57211,599.11243
2013-02-01,58.70111,604.43787
2013-03-01,57.42067,603.55030
2013-04-01,52.91151,602.07101
2013-05-01,52.16650,603.84615
2013-06-01,51.31756,604.43787
2013-07-01,51.07790,604.73373
2013-08-01,52.34988,604.14201
2013-09-01,51.70528,603.25444
2013-10-01,51.11635,599.11243
2013-11-01,51.78080,595.26627
2013-12-01,51.27188,597.63314
2014-01-01,49.89084,602.95858
2014-02-01,48.99431,608.57988
2014-03-01,49.87717,612.42604
2014-04-01,55.47100,616.27219
2014-05-01,58.25846,615.38462
2014-06-01,58.67485,616.27219
2014-07-01,57.45889,615.38462
2014-08-01,53.64435,612.42604
2014-09-01,53.40209,610.65089
2014-10-01,54.80666,601.77515
2014-11-01,54.74324,594.37870
2014-12-01,53.70484,582.84024
2015-01-01,54.11939,568.04734
2015-02-01,54.01402,565.38462
2015-03-01,54.48197,566.56805
2015-04-01,56.23735,564.79290
2015-05-01,56.31542,572.18935
2015-06-01,57.60712,576.33136
2015-07-01,58.33943,573.66864
2015-08-01,59.40004,567.75148
2015-09-01,62.12000,559.46746
2015-10-01,63.95347,554.73373
2015-11-01,65.57273,549.40828
2015-12-01,66.74671,542.89941
2016-01-01,67.38698,540.23669
2016-02-01,69.50574,536.39053
2016-03-01,69.17607,538.75740
2016-04-01,69.31890,542.01183
2016-05-01,70.25673,548.22485
2016-06-01,70.20062,555.02959
2016-07-01,70.36563,555.32544
2016-08-01,74.38254,552.07101
2016-09-01,71.87565,552.95858
2016-10-01,68.52035,552.36686
2016-11-01,68.96659,551.18343
2016-12-01,70.79366,556.80473
2017-01-01,72.61336,564.20118
2017-02-01,72.96461,566.86391
2017-03-01,66.72176,566.56805
2017-04-01,61.22007,571.00592
2017-05-01,58.59024,570.41420
2017-06-01,58.11034,572.78107
2017-07-01,58.37509,572.48521
2017-08-01,56.82163,573.37278
2017-09-01,57.26817,576.33136
2017-10-01,59.62935,576.62722
2017-11-01,57.49953,579.58580
2017-12-01,57.97554,580.76923
2018-01-01,59.08831,585.50296
2018-02-01,58.13751,589.64497
2018-03-01,64.81421,589.64497
2018-04-01,68.22801,592.60355
2018-05-01,69.64153,601.18343
2018-06-01,69.87936,604.14201
2018-07-01,68.97176,604.43787
2018-08-01,66.60831,601.77515
2018-09-01,67.44180,602.36686
2018-10-01,66.13713,605.32544
2018-11-01,67.81249,598.52071
2018-12-01,67.25812,594.67456
2019-01-01,65.03681,589.05325
2019-02-01,65.06116,589.34911
2019-03-01,64.54095,594.08284
2019-04-01,65.52202,597.92899
2019-05-01,64.64931,596.74556
2019-06-01,65.51720,592.60355
2019-07-01,67.79894,593.78698
2019-08-01,72.02897,589.34911
2019-09-01,71.82458,586.98225
2019-10-01,75.23824,587.57396
2019-11-01,75.90708,588.75740
2019-12-01,75.37551,588.75740
2020-01-01,76.41266,589.64497
2020-02-01,76.67600,581.95266
2020-03-01,71.37602,571.30178
2020-04-01,59.67705,548.81657
2020-05-01,55.15380,557.98817
2020-06-01,54.58981,565.68047
2020-07-01,62.46905,571.00592
2020-08-01,60.60332,574.85207
2020-09-01,54.22668,578.40237
2020-10-01,47.84692,581.36095
2020-11-01,46.48539,586.68639
2020-12-01,43.83165,593.19527
2021-01-01,38.35220,605.91716
2021-02-01,38.47690,623.07692
2021-03-01,43.60423,636.09467
2021-04-01,60.50047,644.67456
2021-05-01,70.17860,665.38462
2021-06-01,70.05045,677.21893
2021-07-01,63.62775,685.94675
2021-08-01,63.86932,690.57692
2021-09-01,71.48854,697.27219
2021-10-01,82.35812,711.43491
2021-11-01,87.19894,719.78402
2021-12-01,94.64922,714.01775
2022-01-01,108.58841,729.15089
2022-02-01,117.20884,747.51479
2022-03-01,124.16529,769.27219
2022-04-01,128.80925,784.94083
2022-05-01,135.57400,808.43491
2022-06-01,147.76931,829.14497
2022-07-01,153.09263,805.54438
2022-08-01,162.96655,797.47337
2022-09-01,173.82964,792.59763
2022-10-01,172.86928,784.20414
2022-11-01,175.87041,778.57101
2022-12-01,179.03658,763.00888
2023-01-01,177.65063,769.90237
2023-02-01,178.67602,765.29290
2023-03-01,175.00518,760.53846
2023-04-01,171.53511,760.08284
2023-05-01,163.62219,750.50296
2023-06-01,152.98183,751.06509
2023-07-01,148.02729,750.99112
2023-08-01,141.63258,762.36686
2023-09-01,135.81486,766.07692
2023-10-01,133.71067,755.00592
2023-11-01,128.38092,748.09467
2023-12-01,124.71438,739.24852
2024-01-01,126.07058,743.50888
2024-02-01,120.57147,754.18343
2024-03-01,123.47711,754.78107
2024-04-01,120.82591,760.80769
2024-05-01,117.80359,754.35207
