U n e m p l o y m e n t   U N R A T E,R e a l   G D P   G D P C 1,I n f l a t i o n   C O R E S T I C K M 1 5 9 S F R B A T L,1 0 - 3   Y i e l d   C u r v e   T 1 0 Y 3 M
5.2,,4.742747969,0.2
,,,0.19
,,,0.22
,,,0.22
,,,0.26
,,,0.24
,,,0.34
,,,0.33
,,,0.38
,,,0.31
,,,0.28
,,,0.3
,,,0.23
,,,0.1
,,,0.06
,,,-0.04
,,,0.03
,,,-0.04
,,,-0.18
,,,-0.16
,,,
,,,-0.24
,,,-0.32
5.3,,4.74510822,-0.31
,,,-0.22
,,,-0.18
,,,-0.09
,,,-0.16
,,,-0.13
,,,-0.35
,,,-0.3
,,,-0.2
,,,-0.21
,,,-0.04
,,,-0.07
,,,-0.05
,,,-0.13
,,,-0.05
,,,-0.06
,,,-0.08
,,,-0.2
,,,-0.22
,,,-0.15
,,,-0.1
,,,-0.16
5.2,9919.228,4.893807623,
,,,-0.14
,,,
,,,0.06
,,,0.05
,,,0.04
,,,-0.01
,,,-0.03
,,,0.01
,,,-0.03
,,,-0.06
,,,-0.13
,,,-0.05
,,,-0.11
,,,-0.23
,,,-0.32
,,,-0.32
,,,-0.3
,,,-0.28
,,,-0.25
,,,-0.25
,,,-0.22
5.2,,4.854148787,-0.15
,,,-0.13
,,,-0.1
,,,-0.13
,,,-0.18
,,,-0.22
,,,-0.13
,,,-0.11
,,,-0.13
,,,-0.08
,,,-0.1
,,,-0.1
,,,0.03
,,,0.02
,,,0.0
,,,-0.04
,,,-0.03
,,,-0.04
,,,-0.02
,,,0.01
,,,0.1
,,,0.11
,,,0.1
5.3,,4.669891213,0.07
,,,
,,,0.04
,,,0.08
,,,0.1
,,,0.1
,,,0.18
,,,0.25
,,,0.33
,,,0.3
,,,0.31
,,,0.23
,,,0.17
,,,0.07
,,,0.1
,,,0.2
,,,0.23
,,,0.27
,,,0.2
,,,0.16
,,,0.13
5.3,9938.767,4.802933382,
,,,0.11
,,,0.18
,,,0.17
,,,0.12
,,,0.2
,,,
,,,0.14
,,,0.11
,,,0.08
,,,0.0
,,,0.28
,,,0.32
,,,0.26
,,,0.13
,,,0.18
,,,0.09
,,,0.12
,,,0.05
,,,0.02
,,,-0.08
,,,-0.09
,,,-0.12
5.4,,4.797568826,-0.14
,,,-0.12
,,,-0.14
,,,-0.13
,,,-0.1
,,,-0.07
,,,-0.06
,,,-0.05
,,,-0.06
,,,-0.05
,,,-0.08
,,,-0.1
,,,-0.05
,,,-0.07
,,,-0.04
,,,-0.03
,,,
,,,0.04
,,,-0.06
,,,-0.11
,,,-0.04
,,,0.0
5.4,,4.829006386,0.03
,,,0.03
,,,0.01
,,,-0.05
,,,-0.07
,,,-0.04
,,,-0.05
,,,-0.08
,,,-0.13
,,,-0.09
,,,-0.07
,,,-0.08
,,,-0.15
,,,-0.05
,,,-0.04
,,,-0.02
,,,
,,,-0.07
,,,-0.05
,,,-0.03
,,,0.13
5.4,10047.386,4.905908309,
,,,0.11
,,,0.1
,,,0.14
,,,0.2
,,,0.23
,,,0.22
,,,0.28
,,,0.24
,,,0.36
,,,
,,,0.31
,,,0.22
,,,0.28
,,,0.26
,,,0.28
,,,0.33
,,,0.45
,,,0.47
,,,0.56
,,,0.5
,,,0.51
,,,0.43
5.3,,4.91755923,0.4
,,,0.43
,,,0.45
,,,0.48
,,,0.44
,,,0.41
,,,0.29
,,,0.41
,,,0.51
,,,0.49
,,,0.46
,,,0.48
,,,
,,,0.56
,,,0.61
,,,0.55
,,,0.6
,,,0.49
,,,0.42
,,,0.47
5.2,,5.19152475,0.51
,,,0.52
,,,0.56
,,,0.42
,,,0.4
,,,0.39
,,,0.39
,,,0.37
,,,0.47
,,,0.42
,,,0.45
,,,0.4
,,,0.37
,,,0.29
,,,0.32
,,,0.36
,,,0.37
,,,0.38
,,,0.35
,,,0.39
,,,0.5
,,,0.58
5.4,10083.855,5.276985365,
,,,0.6
,,,0.54
,,,0.54
,,,0.55
,,,0.54
,,,0.5
,,,0.55
,,,0.6
,,,0.62
,,,
,,,0.67
,,,0.74
,,,0.78
,,,0.81
,,,1.0
,,,0.98
,,,0.97
,,,0.95
,,,0.98
,,,1.01
,,,0.97
5.4,,5.166732439,0.89
,,,0.92
,,,0.89
,,,0.82
,,,0.78
,,,0.78
,,,0.87
,,,0.85
,,,0.76
,,,0.72
,,,0.74
,,,0.75
,,,0.76
,,,0.74
,,,0.72
,,,0.66
,,,0.7
,,,0.68
,,,0.68
,,,
,,,0.64
,,,0.59
,,,0.59
5.2,,5.370697673,0.5
,,,0.48
,,,0.51
,,,0.5
,,,0.5
,,,0.5
,,,0.49
,,,0.49
,,,0.47
,,,0.46
,,,0.51
,,,0.57
,,,0.51
,,,0.52
,,,0.49
,,,0.47
,,,0.53
,,,0.49
,,,0.47
,,,0.47
,,,0.43
5.5,10090.569,5.516605952,
,,,0.43
,,,0.44
,,,
,,,0.5
,,,0.5
,,,0.51
,,,0.5
,,,0.52
,,,0.56
,,,0.6
,,,0.58
,,,0.57
,,,0.7
,,,0.72
,,,0.69
,,,0.75
,,,0.75
,,,0.68
,,,0.66
,,,0.65
,,,0.6
,,,0.62
5.7,,5.836270781,0.62
,,,0.73
,,,0.91
,,,1.17
,,,1.17
,,,1.15
,,,1.0
,,,1.04
,,,1.05
,,,0.98
,,,0.94
,,,1.03
,,,1.08
,,,1.04
,,,1.01
,,,1.06
,,,1.21
,,,1.31
,,,1.12
,,,1.21
,,,1.12
,,,1.16
,,,1.23
5.9,,5.930360317,
,,,
,,,1.26
,,,1.25
,,,1.22
,,,1.18
,,,1.17
,,,1.16
,,,1.21
,,,1.23
,,,1.28
,,,1.29
,,,1.29
,,,1.24
,,,1.28
,,,1.39
,,,1.41
,,,1.43
,,,1.43
,,,1.44
,,,1.45
5.9,9998.704,5.798506168,1.34
,,,1.28
,,,1.33
,,,1.31
,,,1.38
,,,
,,,1.42
,,,1.45
,,,1.57
,,,1.47
,,,1.4
,,,1.4
,,,1.32
,,,1.22
,,,1.14
,,,1.16
,,,1.2
,,,1.2
,,,1.21
,,,1.27
,,,1.32
,,,1.33
,,,1.31
6.2,,5.683108196,1.29
,,,1.26
,,,1.19
,,,1.21
,,,1.25
,,,1.26
,,,1.22
,,,
,,,1.1
,,,1.06
,,,1.05
,,,0.99
,,,1.02
,,,0.99
,,,1.0
,,,
,,,1.03
,,,1.01
,,,1.01
,,,1.01
,,,1.06
,,,1.02
6.3,,5.651092078,
,,,0.94
,,,0.96
,,,0.93
,,,0.96
,,,0.93
,,,0.91
,,,0.88
,,,0.91
,,,0.93
,,,0.99
,,,1.0
,,,1.05
,,,1.17
,,,1.3
,,,1.32
,,,1.47
,,,
,,,1.47
,,,1.44
,,,1.5
,,,1.45
6.4,9951.916,5.815290409,
,,,1.31
,,,1.29
,,,1.29
,,,1.42
,,,1.52
,,,1.81
,,,1.76
,,,1.86
,,,1.99
,,,1.99
,,,2.02
,,,1.75
,,,1.79
,,,
,,,1.83
,,,1.72
,,,1.69
,,,1.71
,,,1.62
,,,1.64
,,,1.66
,,,1.66
6.6,,5.8623588,1.74
,,,1.73
,,,1.7
,,,1.71
,,,1.71
,,,1.68
,,,1.73
,,,1.76
,,,1.75
,,,1.78
,,,1.7
,,,
,,,1.67
,,,1.73
,,,1.79
,,,1.79
,,,1.75
,,,1.74
,,,1.77
,,,1.8
6.8,,5.474284579,1.85
,,,1.88
,,,1.83
,,,1.83
,,,1.8
,,,1.97
,,,1.98
,,,2.04
,,,2.0
,,,2.08
,,,2.12
,,,2.12
,,,2.17
,,,2.13
,,,2.1
,,,2.07
,,,2.06
,,,2.08
,,,2.09
,,,2.13
,,,
6.7,10029.51,5.276160434,2.13
,,,2.08
,,,2.1
,,,2.08
,,,2.1
,,,2.15
,,,2.24
,,,2.31
,,,2.35
,,,2.3
,,,2.18
,,,2.18
,,,2.22
,,,2.18
,,,2.17
,,,2.28
,,,2.23
,,,2.22
,,,2.29
,,,2.27
,,,2.3
,,,2.34
6.9,,5.222445891,2.3
,,,2.34
,,,2.4
,,,2.41
,,,2.39
,,,2.37
,,,2.37
,,,2.47
,,,2.42
,,,2.48
,,,2.51
,,,2.55
,,,2.51
,,,2.47
,,,2.39
,,,2.43
,,,2.53
,,,2.53
,,,
,,,2.48
,,,2.45
,,,2.4
,,,2.35
6.9,,4.934653949,
,,,2.35
,,,2.4
,,,2.43
,,,2.49
,,,2.55
,,,2.52
,,,2.55
,,,2.63
,,,2.58
,,,2.52
,,,2.52
,,,2.52
,,,2.59
,,,2.56
,,,2.57
,,,2.58
,,,2.58
,,,2.6
,,,2.59
,,,2.53
6.8,10080.195,4.713410392,2.5
,,,2.52
,,,2.53
,,,
,,,2.58
,,,2.59
,,,2.6
,,,2.6
,,,2.56
,,,2.54
,,,2.51
,,,2.51
,,,2.51
,,,2.54
,,,2.52
,,,2.52
,,,2.55
,,,2.49
,,,2.44
,,,2.44
,,,2.45
,,,2.48
,,,2.5
6.9,,4.393094508,2.48
,,,2.43
,,,2.36
,,,2.39
,,,2.38
,,,2.44
,,,2.5
,,,2.47
,,,2.46
,,,2.37
,,,2.38
,,,2.42
,,,2.56
,,,2.55
,,,2.36
,,,2.31
,,,2.32
,,,2.33
,,,2.34
,,,2.36
,,,2.31
,,,2.33
6.9,,4.443594793,
,,,
,,,2.3
,,,2.32
,,,2.35
,,,2.31
,,,2.29
,,,2.33
,,,2.32
,,,2.29
,,,2.35
,,,2.29
,,,2.27
,,,2.28
,,,2.25
,,,2.22
,,,2.18
,,,2.23
,,,2.25
,,,2.28
,,,2.21
,,,2.21
7.0,10115.329,4.288991989,2.2
,,,2.23
,,,2.28
,,,2.22
,,,2.22
,,,2.26
,,,2.35
,,,2.4
,,,2.35
,,,
,,,2.33
,,,2.33
,,,2.37
,,,2.35
,,,2.43
,,,2.46
,,,2.5
,,,2.53
,,,2.57
,,,2.56
,,,2.48
,,,2.5
,,,2.51
7.0,,4.34967757,2.59
,,,2.62
,,,2.66
,,,2.75
,,,2.67
,,,2.66
,,,
,,,2.6
,,,2.65
,,,2.59
,,,2.61
,,,2.62
,,,2.71
,,,2.76
,,,2.83
,,,2.89
,,,2.9
,,,2.9
,,,2.91
,,,
,,,2.91
7.3,,4.346967664,
,,,2.81
,,,2.8
,,,2.74
,,,2.78
,,,2.9
,,,2.94
,,,2.89
,,,2.96
,,,2.93
,,,2.96
,,,2.96
,,,2.96
,,,2.96
,,,2.96
,,,3.13
,,,3.01
,,,2.97
,,,
,,,2.93
,,,2.86
,,,2.79
,,,2.75
7.3,10236.435,4.052308746,
,,,2.82
,,,2.9
,,,2.9
,,,2.91
,,,2.95
,,,2.92
,,,2.93
,,,3.0
,,,3.11
,,,3.11
,,,3.24
,,,3.2
,,,
,,,3.17
,,,3.24
,,,3.33
,,,3.34
,,,3.31
,,,3.23
,,,3.29
,,,3.38
,,,3.37
7.4,,3.861765064,
,,,3.4
,,,3.35
,,,3.27
,,,3.29
,,,3.36
,,,3.38
,,,3.38
,,,3.45
,,,3.51
,,,3.52
,,,
,,,3.54
,,,3.47
,,,3.43
,,,3.42
,,,3.4
,,,3.37
,,,3.28
,,,3.31
,,,3.24
7.4,,3.975844252,
,,,3.24
,,,3.29
,,,3.3
,,,3.37
,,,3.34
,,,3.32
,,,3.32
,,,3.4
,,,3.5
,,,3.55
,,,3.51
,,,3.46
,,,3.47
,,,3.42
,,,3.48
,,,3.45
,,,3.38
,,,3.42
,,,3.46
,,,3.43
,,,3.38
,,,3.39
7.4,10347.429,4.066438773,3.35
,,,3.35
,,,3.36
,,,3.38
,,,3.45
,,,3.48
,,,3.6
,,,3.63
,,,3.63
,,,3.65
,,,3.67
,,,3.72
,,,
,,,3.8
,,,3.81
,,,3.8
,,,3.83
,,,3.79
,,,3.78
,,,3.77
,,,3.8
,,,3.82
7.6,,3.926410529,3.84
,,,3.87
,,,3.84
,,,3.76
,,,3.78
,,,3.69
,,,3.66
,,,3.66
,,,3.67
,,,3.69
,,,3.62
,,,3.59
,,,3.58
,,,3.6
,,,3.63
,,,3.58
,,,
,,,3.62
,,,3.65
,,,3.59
,,,3.54
7.8,,3.860188559,3.57
,,,3.52
,,,3.54
,,,3.56
,,,3.54
,,,3.53
,,,3.56
,,,3.58
,,,3.58
,,,3.54
,,,3.53
,,,3.52
,,,3.53
,,,3.5
,,,3.5
,,,3.49
,,,3.48
,,,3.48
,,,3.43
,,,3.44
,,,3.46
,,,3.49
7.7,10449.673,3.769367667,3.47
,,,3.62
,,,
,,,3.61
,,,3.59
,,,3.62
,,,3.63
,,,3.64
,,,3.68
,,,3.69
,,,3.65
,,,3.63
,,,3.67
,,,3.64
,,,3.63
,,,3.61
,,,3.49
,,,3.5
,,,3.43
,,,3.37
,,,3.35
,,,3.44
,,,3.47
7.6,,3.628120085,
,,,3.47
,,,3.42
,,,3.4
,,,3.42
,,,3.36
,,,3.32
,,,3.3
,,,3.29
,,,3.39
,,,3.4
,,,3.4
,,,3.34
,,,3.32
,,,3.31
,,,3.39
,,,3.45
,,,3.49
,,,3.45
,,,3.41
,,,3.4
,,,3.39
7.6,,3.349237754,3.34
,,,3.33
,,,3.33
,,,3.42
,,,
,,,3.33
,,,3.34
,,,3.34
,,,3.39
,,,3.37
,,,3.42
,,,3.45
,,,3.46
,,,3.47
,,,3.45
,,,3.52
,,,3.56
,,,3.53
,,,3.55
,,,3.58
,,,3.58
,,,3.62
7.3,10558.648,3.6359146,3.56
,,,3.57
,,,3.49
,,,3.51
,,,3.57
,,,3.56
,,,3.63
,,,
,,,3.56
,,,3.52
,,,3.55
,,,3.63
,,,3.65
,,,3.77
,,,3.81
,,,3.76
,,,3.83
,,,3.81
,,,3.78
,,,3.76
,,,3.69
,,,3.77
7.4,,3.629469745,
,,,3.8
,,,3.77
,,,3.8
,,,3.79
,,,3.84
,,,3.83
,,,3.76
,,,
,,,3.66
,,,3.67
,,,3.68
,,,3.62
,,,3.56
,,,3.59
,,,3.56
,,,3.52
,,,3.53
,,,3.53
,,,
,,,3.6
,,,3.57
7.4,,3.478262556,3.54
,,,3.51
,,,3.54
,,,3.52
,,,3.43
,,,3.4
,,,3.46
,,,3.48
,,,3.48
,,,3.5
,,,3.54
,,,3.49
,,,3.5
,,,3.53
,,,3.46
,,,3.38
,,,3.43
,,,3.46
,,,
,,,3.42
,,,3.42
,,,3.49
,,,3.55
7.3,10576.275,3.528455109,
,,,3.41
,,,3.43
,,,3.46
,,,3.57
,,,3.62
,,,3.59
,,,3.63
,,,3.65
,,,3.61
,,,3.6
,,,
,,,3.49
,,,3.53
,,,3.55
,,,3.54
,,,3.46
,,,3.49
,,,3.51
,,,3.48
,,,3.43
7.1,,3.561853788,3.37
,,,3.44
,,,3.46
,,,3.43
,,,3.36
,,,3.37
,,,3.42
,,,3.4
,,,3.39
,,,3.36
,,,
,,,3.34
,,,3.31
,,,3.22
,,,3.16
,,,3.08
,,,2.92
,,,2.99
,,,3.02
,,,3.02
7.0,,3.334428143,2.91
,,,2.92
,,,2.88
,,,2.86
,,,2.83
,,,2.8
,,,2.86
,,,2.93
,,,2.93
,,,3.07
,,,3.11
,,,3.02
,,,2.98
,,,2.92
,,,2.92
,,,2.97
,,,2.93
,,,2.97
,,,3.01
,,,3.09
,,,3.06
,,,3.05
,,,3.08
7.1,10637.847,3.404237829,3.1
,,,3.19
,,,3.16
,,,3.1
,,,3.09
,,,3.01
,,,
,,,2.98
,,,3.02
,,,3.02
,,,2.98
,,,2.99
,,,3.0
,,,3.02
,,,3.0
,,,2.97
,,,2.99
,,,2.99
,,,3.05
,,,3.05
,,,3.03
,,,3.08
7.1,,3.532736691,
,,,3.03
,,,2.99
,,,2.98
,,,2.97
,,,2.99
,,,2.94
,,,2.94
,,,3.0
,,,3.03
,,,3.0
,,,2.99
,,,3.07
,,,3.08
,,,3.06
,,,3.09
,,,3.01
,,,3.03
,,,3.0
,,,2.98
,,,3.03
,,,
7.0,,3.569326945,2.93
,,,2.92
,,,2.92
,,,2.93
,,,2.88
,,,2.89
,,,2.89
,,,2.89
,,,2.85
,,,2.84
,,,2.84
,,,2.85
,,,2.83
,,,2.84
,,,2.75
,,,2.75
,,,2.72
,,,2.71
,,,2.69
,,,2.69
,,,2.69
,,,2.7
6.9,10688.606,3.422616714,2.74
,,,2.74
,,,
,,,2.68
,,,2.69
,,,2.69
,,,2.67
,,,2.65
,,,2.67
,,,2.64
,,,2.64
,,,2.63
,,,2.59
,,,2.62
,,,2.69
,,,2.74
,,,2.79
,,,2.76
,,,2.75
,,,2.75
,,,2.72
,,,2.73
6.8,,3.508810757,
,,,2.68
,,,2.68
,,,2.72
,,,2.74
,,,2.75
,,,2.71
,,,2.72
,,,2.66
,,,2.69
,,,2.63
,,,2.58
,,,2.62
,,,2.64
,,,2.59
,,,2.55
,,,2.52
,,,2.49
,,,2.47
,,,2.36
,,,2.39
,,,2.36
,,,2.37
6.7,,3.642383692,2.38
,,,2.36
,,,2.31
,,,
,,,2.22
,,,2.21
,,,2.31
,,,2.27
,,,2.22
,,,2.32
,,,2.37
,,,2.36
,,,2.37
,,,2.42
,,,2.49
,,,2.47
,,,2.43
,,,2.43
,,,2.34
,,,2.32
,,,2.36
,,,2.42
6.8,10833.987,3.424737275,2.36
,,,2.32
,,,2.29
,,,2.31
,,,2.28
,,,2.21
,,,
,,,2.15
,,,2.17
,,,2.15
,,,2.11
,,,2.14
,,,2.14
,,,2.15
,,,2.23
,,,2.31
,,,2.33
,,,2.27
,,,2.29
,,,2.3
,,,2.33
6.6,,3.436277096,2.38
,,,2.44
,,,2.51
,,,2.52
,,,2.62
,,,2.53
,,,2.46
,,,2.53
,,,
,,,2.48
,,,2.51
,,,2.5
,,,2.49
,,,2.54
,,,2.64
,,,2.68
,,,2.63
,,,2.65
,,,
,,,2.6
,,,2.56
,,,2.62
6.5,,3.548475916,2.63
,,,2.63
,,,2.62
,,,2.54
,,,2.55
,,,2.56
,,,2.55
,,,2.61
,,,2.66
,,,2.71
,,,2.73
,,,2.74
,,,2.72
,,,2.68
,,,2.71
,,,2.61
,,,2.59
,,,
,,,2.59
,,,2.59
,,,2.66
,,,2.78
,,,2.76
6.6,10939.116,3.375759896,
,,,2.76
,,,2.73
,,,2.76
,,,2.72
,,,2.63
,,,2.61
,,,2.63
,,,2.58
,,,2.7
,,,2.75
,,,
,,,2.7
,,,2.73
,,,2.7
,,,2.72
,,,2.73
,,,2.79
,,,2.79
,,,2.75
,,,2.69
,,,2.65
6.6,,3.415920384,2.67
,,,2.64
,,,2.61
,,,2.64
,,,2.65
,,,2.69
,,,2.6
,,,2.58
,,,2.55
,,,2.56
,,,2.54
,,,2.55
,,,2.65
,,,2.73
,,,
,,,2.65
,,,2.67
,,,2.78
,,,2.77
,,,2.68
6.5,,3.570150943,2.7
,,,2.75
,,,2.79
,,,2.76
,,,2.71
,,,2.75
,,,2.77
,,,2.91
,,,2.88
,,,2.84
,,,2.81
,,,2.79
,,,2.85
,,,2.92
,,,2.85
,,,2.84
,,,2.9
,,,3.05
,,,3.04
,,,3.06
,,,3.12
,,,3.21
,,,3.21
6.4,11087.361,3.354397547,
,,,3.34
,,,3.22
,,,3.26
,,,3.25
,,,3.29
,,,3.24
,,,3.23
,,,3.29
,,,3.31
,,,3.29
,,,3.3
,,,3.27
,,,3.22
,,,3.08
,,,3.09
,,,2.92
,,,2.89
,,,
,,,3.06
,,,3.09
6.1,,3.225532887,
,,,2.99
,,,3.01
,,,2.99
,,,2.98
,,,3.05
,,,3.05
,,,2.98
,,,3.08
,,,3.12
,,,3.05
,,,2.93
,,,2.73
,,,2.74
,,,2.72
,,,2.76
,,,2.84
,,,2.85
,,,2.86
,,,2.82
,,,2.82
,,,
,,,2.86
6.1,,3.194738495,2.84
,,,2.83
,,,2.75
,,,2.66
,,,2.73
,,,2.75
,,,2.75
,,,2.81
,,,2.83
,,,2.79
,,,2.87
,,,2.85
,,,2.91
,,,2.88
,,,2.92
,,,2.85
,,,2.84
,,,2.94
,,,2.9
,,,2.98
,,,2.99
,,,3.08
6.1,11152.176,3.233880147,3.02
,,,
,,,2.89
,,,2.93
,,,2.94
,,,2.93
,,,2.86
,,,2.87
,,,2.89
,,,2.84
,,,2.87
,,,2.8
,,,2.78
,,,2.84
,,,2.83
,,,2.79
,,,2.74
,,,2.76
,,,2.77
,,,2.75
,,,2.73
6.0,,3.306714086,2.68
,,,2.67
,,,2.65
,,,2.69
,,,2.69
,,,2.69
,,,2.77
,,,2.81
,,,2.9
,,,2.76
,,,2.58
,,,2.45
,,,2.46
,,,2.57
,,,2.58
,,,2.58
,,,2.59
,,,2.56
,,,2.61
,,,2.56
,,,2.51
,,,2.49
,,,2.51
5.9,,3.254281644,2.52
,,,2.54
,,,
,,,2.58
,,,2.63
,,,2.63
,,,2.74
,,,2.71
,,,2.72
,,,2.71
,,,2.65
,,,2.79
,,,2.77
,,,2.79
,,,2.64
,,,2.64
,,,2.66
,,,2.65
,,,2.78
,,,2.91
,,,2.94
,,,2.82
5.8,11279.932,3.164264289,
,,,2.61
,,,2.61
,,,2.68
,,,2.67
,,,2.68
,,,
,,,2.59
,,,2.57
,,,2.59
,,,2.61
,,,2.58
,,,2.6
,,,2.63
,,,2.66
,,,2.66
,,,2.64
,,,2.68
,,,2.75
,,,2.76
,,,2.66
,,,2.61
5.6,,3.128282179,2.69
,,,2.73
,,,2.71
,,,2.71
,,,2.63
,,,2.64
,,,2.6
,,,2.6
,,,
,,,2.48
,,,2.39
,,,2.45
,,,2.52
,,,2.51
,,,2.5
,,,2.51
,,,2.37
,,,
,,,2.35
,,,2.28
,,,2.26
,,,2.19
5.5,,2.901446577,2.21
,,,2.02
,,,1.8
,,,1.79
,,,1.99
,,,1.96
,,,1.97
,,,1.92
,,,1.88
,,,1.96
,,,2.09
,,,2.1
,,,2.06
,,,2.18
,,,2.24
,,,2.23
,,,2.17
,,,
,,,2.02
,,,2.12
,,,2.16
,,,2.16
5.6,11319.951,3.144200833,
,,,
,,,1.93
,,,1.97
,,,2.0
,,,1.97
,,,1.89
,,,1.93
,,,2.0
,,,2.02
,,,1.97
,,,
,,,1.81
,,,1.84
,,,1.87
,,,1.91
,,,1.86
,,,1.88
,,,1.86
,,,1.82
,,,1.74
,,,1.69
,,,1.6
5.4,,3.124100115,1.59
,,,1.66
,,,1.53
,,,1.55
,,,1.54
,,,1.59
,,,1.63
,,,1.65
,,,1.63
,,,1.55
,,,1.51
,,,1.55
,,,1.57
,,,
,,,1.52
,,,1.49
,,,1.46
,,,1.45
,,,1.32
,,,1.28
5.4,,3.167481169,1.29
,,,1.37
,,,1.45
,,,1.47
,,,1.48
,,,1.41
,,,1.39
,,,1.27
,,,1.25
,,,1.16
,,,1.17
,,,1.13
,,,1.2
,,,1.19
,,,1.24
,,,1.3
,,,1.32
,,,1.24
,,,1.23
,,,1.27
,,,1.32
,,,1.3
,,,1.32
5.8,11353.721,3.306684647,
,,,1.2
,,,1.21
,,,1.24
,,,1.24
,,,1.25
,,,1.27
,,,1.25
,,,1.24
,,,1.28
,,,
,,,1.24
,,,1.25
,,,1.26
,,,1.25
,,,1.22
,,,1.18
,,,1.16
,,,1.16
,,,1.17
,,,1.2
5.6,,3.355294523,1.18
,,,1.15
,,,1.12
,,,1.07
,,,0.95
,,,0.89
,,,0.8
,,,0.84
,,,0.84
,,,0.8
,,,0.74
,,,0.7
,,,0.67
,,,0.74
,,,0.74
,,,0.72
,,,0.66
,,,0.57
,,,0.55
,,,0.56
,,,
,,,0.49
,,,0.49
5.6,,3.332283478,0.53
,,,0.52
,,,0.4
,,,0.39
,,,0.46
,,,0.46
,,,0.63
,,,0.64
,,,0.53
,,,0.54
,,,0.53
,,,0.55
,,,0.5
,,,0.51
,,,0.53
,,,0.5
,,,0.52
,,,0.59
,,,0.56
,,,0.53
,,,0.61
,,,0.61
5.7,11450.31,3.386948974,
,,,0.53
,,,
,,,0.51
,,,0.52
,,,0.5
,,,0.51
,,,0.53
,,,0.55
,,,0.54
,,,0.56
,,,0.59
,,,0.64
,,,0.85
,,,0.83
,,,0.92
,,,0.85
,,,0.81
,,,0.85
,,,0.85
,,,0.91
,,,0.85
5.7,,3.23814109,0.89
,,,0.85
,,,0.94
,,,0.92
,,,0.91
,,,0.92
,,,0.91
,,,0.94
,,,1.0
,,,0.99
,,,0.95
,,,0.94
,,,0.96
,,,0.96
,,,0.92
,,,0.94
,,,1.0
,,,0.98
,,,0.88
,,,0.86
,,,0.86
,,,0.87
,,,0.83
5.6,,3.351697522,0.77
,,,
,,,0.69
,,,0.69
,,,0.71
,,,0.72
,,,0.74
,,,0.69
,,,0.71
,,,0.64
,,,0.65
,,,0.76
,,,0.78
,,,0.76
,,,0.81
,,,0.9
,,,0.93
,,,0.83
,,,0.88
,,,0.84
,,,0.77
5.5,11528.067,3.46411606,
,,,0.62
,,,0.62
,,,0.65
,,,0.62
,,,0.59
,,,
,,,0.6
,,,0.62
,,,0.61
,,,0.52
,,,0.48
,,,0.54
,,,0.58
,,,0.57
,,,0.61
,,,0.69
,,,0.64
,,,0.61
,,,0.68
,,,0.64
,,,0.57
,,,0.55
5.6,,3.37996065,0.5
,,,0.45
,,,0.47
,,,0.44
,,,0.46
,,,0.4
,,,0.42
,,,0.42
,,,0.39
,,,0.42
,,,0.44
,,,0.41
,,,0.41
,,,0.43
,,,0.4
,,,0.41
,,,
,,,0.43
,,,0.38
,,,0.35
,,,0.35
,,,0.28
5.6,,3.379829487,0.26
,,,0.17
,,,0.18
,,,0.19
,,,0.22
,,,0.23
,,,0.26
,,,0.31
,,,0.32
,,,0.32
,,,0.4
,,,0.53
,,,0.57
,,,0.61
,,,0.72
,,,0.67
,,,
,,,0.64
,,,0.62
,,,0.65
,,,0.48
5.6,11614.418,3.277075064,
,,,0.4
,,,0.38
,,,0.46
,,,0.5
,,,0.5
,,,0.52
,,,0.61
,,,0.59
,,,0.57
,,,
,,,0.52
,,,0.44
,,,0.42
,,,0.44
,,,0.47
,,,0.54
,,,0.5
,,,0.58
,,,0.54
,,,0.52
,,,0.49
,,,0.55
5.5,,3.259936249,0.6
,,,0.67
,,,0.7
,,,0.7
,,,0.72
,,,0.74
,,,0.73
,,,0.68
,,,0.65
,,,0.68
,,,0.78
,,,0.87
,,,
,,,1.02
,,,1.02
,,,0.97
,,,1.0
,,,1.03
,,,1.05
,,,1.1
,,,1.11
5.5,,3.134500987,1.01
,,,0.9
,,,0.94
,,,1.02
,,,1.04
,,,1.4
,,,1.24
,,,1.27
,,,1.26
,,,1.25
,,,1.32
,,,1.26
,,,1.22
,,,1.18
,,,1.21
,,,1.22
,,,1.13
,,,1.12
,,,1.17
,,,1.22
,,,1.21
5.6,11808.14,3.004778103,1.11
,,,1.09
,,,1.12
,,,1.22
,,,1.42
,,,1.47
,,,1.46
,,,1.55
,,,1.6
,,,1.45
,,,1.5
,,,1.53
,,,1.56
,,,1.6
,,,1.52
,,,1.39
,,,1.42
,,,1.44
,,,1.47
,,,1.43
,,,1.45
,,,1.52
5.6,,3.047772222,1.57
,,,1.72
,,,1.76
,,,1.72
,,,1.73
,,,1.65
,,,1.71
,,,1.62
,,,1.56
,,,1.52
,,,1.52
,,,1.55
,,,1.5
,,,1.45
,,,1.47
,,,1.45
,,,1.5
,,,1.47
,,,
,,,1.5
,,,1.59
,,,1.6
,,,1.67
5.3,,3.051784638,
,,,1.64
,,,1.66
,,,1.6
,,,1.55
,,,1.67
,,,1.68
,,,1.72
,,,1.77
,,,1.77
,,,1.74
,,,1.71
,,,1.72
,,,1.73
,,,1.72
,,,1.7
,,,1.71
,,,1.67
,,,1.67
,,,1.63
,,,1.55
5.5,11914.063,3.087421545,1.47
,,,1.48
,,,1.54
,,,
,,,1.75
,,,1.7
,,,1.66
,,,1.66
,,,1.64
,,,1.57
,,,1.57
,,,1.57
,,,1.57
,,,1.47
,,,1.5
,,,1.54
,,,1.5
,,,1.56
,,,1.58
,,,1.56
,,,1.56
,,,1.55
,,,1.48
5.1,,3.083473301,1.4
,,,1.3
,,,1.33
,,,1.35
,,,1.37
,,,1.41
,,,1.35
,,,1.31
,,,1.4
,,,1.42
,,,1.43
,,,1.38
,,,1.39
,,,1.41
,,,1.47
,,,1.48
,,,1.57
,,,1.59
,,,1.58
,,,1.59
,,,1.62
,,,1.67
5.2,,3.063090207,
,,,
,,,1.6
,,,1.62
,,,1.64
,,,1.61
,,,1.61
,,,1.65
,,,1.63
,,,1.6
,,,1.53
,,,1.53
,,,1.5
,,,1.55
,,,1.62
,,,1.56
,,,1.52
,,,1.6
,,,1.64
,,,1.66
,,,1.64
,,,1.58
5.2,12037.775,2.943741816,1.55
,,,1.58
,,,1.57
,,,1.47
,,,1.42
,,,1.41
,,,1.43
,,,1.46
,,,1.42
,,,
,,,1.39
,,,1.43
,,,1.39
,,,1.38
,,,1.38
,,,1.4
,,,1.43
,,,1.43
,,,1.4
,,,1.37
,,,1.26
,,,1.26
,,,1.2
5.4,,2.980390413,1.21
,,,1.17
,,,1.11
,,,1.13
,,,1.1
,,,1.11
,,,
,,,1.01
,,,1.03
,,,0.98
,,,1.03
,,,1.02
,,,1.0
,,,0.97
,,,0.97
,,,0.97
,,,0.95
,,,0.97
,,,0.99
,,,
,,,0.93
5.4,,3.05642197,
,,,1.0
,,,1.01
,,,1.08
,,,1.18
,,,1.23
,,,1.25
,,,1.27
,,,1.42
,,,1.43
,,,1.41
,,,1.42
,,,1.42
,,,1.43
,,,1.35
,,,1.33
,,,1.24
,,,1.27
,,,
,,,1.25
,,,1.19
,,,1.1
,,,1.22
5.3,12115.472,2.91241515,
,,,1.35
,,,1.35
,,,1.37
,,,1.41
,,,1.44
,,,1.39
,,,1.46
,,,1.55
,,,1.34
,,,1.37
,,,1.41
,,,1.42
,,,
,,,1.34
,,,1.38
,,,1.42
,,,1.48
,,,1.48
,,,1.46
,,,1.45
,,,1.43
,,,1.38
5.2,,2.802464903,
,,,1.35
,,,1.35
,,,1.34
,,,1.35
,,,1.29
,,,1.26
,,,1.29
,,,1.23
,,,1.19
,,,1.18
,,,
,,,1.16
,,,1.19
,,,1.28
,,,1.27
,,,1.23
,,,1.27
,,,1.34
,,,1.36
,,,1.34
5.2,,2.854608076,
,,,1.34
,,,1.35
,,,1.39
,,,1.39
,,,1.35
,,,1.36
,,,1.39
,,,1.39
,,,1.46
,,,1.47
,,,1.47
,,,1.47
,,,1.45
,,,1.41
,,,1.33
,,,1.32
,,,1.31
,,,1.45
,,,1.53
,,,
,,,1.57
5.1,12317.221,2.910920374,1.58
,,,1.58
,,,1.59
,,,1.63
,,,1.61
,,,1.66
,,,1.67
,,,1.62
,,,1.67
,,,1.68
,,,1.57
,,,1.61
,,,1.57
,,,1.55
,,,1.51
,,,1.48
,,,1.52
,,,1.61
,,,1.63
,,,1.57
,,,1.43
,,,1.44
4.9,,2.870203143,1.45
,,,1.44
,,,1.45
,,,1.46
,,,1.54
,,,1.51
,,,1.48
,,,1.41
,,,1.47
,,,1.49
,,,1.54
,,,1.5
,,,1.33
,,,1.31
,,,1.62
,,,1.58
,,,1.56
,,,
,,,1.61
,,,1.62
,,,1.72
,,,1.71
5.0,,2.828445596,
,,,1.59
,,,1.58
,,,1.53
,,,1.51
,,,1.44
,,,1.49
,,,1.52
,,,1.58
,,,1.51
,,,1.43
,,,1.37
,,,1.38
,,,1.37
,,,1.32
,,,1.29
,,,1.34
,,,1.35
,,,1.38
,,,1.33
,,,1.31
,,,1.26
4.9,12471.01,2.752239262,1.27
,,,1.22
,,,1.17
,,,
,,,1.15
,,,1.15
,,,1.14
,,,1.11
,,,1.09
,,,1.04
,,,1.04
,,,1.03
,,,1.01
,,,1.0
,,,1.0
,,,0.97
,,,0.94
,,,0.93
,,,0.94
,,,0.92
,,,0.87
,,,0.81
,,,0.77
4.8,,2.653670773,0.92
,,,0.94
,,,0.94
,,,0.92
,,,0.94
,,,1.09
,,,1.05
,,,1.08
,,,1.04
,,,0.93
,,,0.98
,,,0.98
,,,0.96
,,,1.0
,,,1.03
,,,1.13
,,,1.11
,,,1.1
,,,1.1
,,,1.06
,,,1.1
4.9,,2.544804261,
,,,1.1
,,,1.19
,,,1.19
,,,1.2
,,,1.17
,,,1.18
,,,1.26
,,,1.26
,,,1.19
,,,1.2
,,,1.02
,,,1.0
,,,1.01
,,,1.03
,,,1.04
,,,1.08
,,,1.1
,,,1.2
,,,1.09
,,,1.03
,,,1.06
4.7,12577.495,2.618900715,0.94
,,,0.94
,,,0.98
,,,0.88
,,,0.88
,,,0.99
,,,0.95
,,,1.01
,,,
,,,0.99
,,,1.04
,,,1.02
,,,1.11
,,,1.06
,,,1.07
,,,0.96
,,,0.91
,,,0.86
,,,0.83
,,,0.73
,,,0.72
,,,0.67
,,,0.63
4.6,,2.548580799,
,,,0.65
,,,0.7
,,,0.68
,,,0.59
,,,0.59
,,,0.59
,,,
,,,0.59
,,,0.6
,,,0.59
,,,0.54
,,,0.54
,,,0.54
,,,0.56
,,,0.57
,,,0.57
,,,0.55
,,,0.6
,,,
,,,0.64
4.7,,2.621535622,0.59
,,,0.6
,,,0.57
,,,0.57
,,,0.62
,,,0.67
,,,0.68
,,,0.69
,,,0.62
,,,0.56
,,,0.55
,,,0.54
,,,0.56
,,,0.52
,,,0.39
,,,0.26
,,,0.27
,,,0.38
,,,
,,,0.4
,,,0.31
,,,0.35
,,,0.39
4.6,12703.742,2.673178027,
,,,0.35
,,,0.29
,,,0.27
,,,0.32
,,,0.36
,,,0.35
,,,0.27
,,,0.24
,,,0.27
,,,0.35
,,,0.39
,,,
,,,0.43
,,,0.41
,,,0.43
,,,0.53
,,,0.41
,,,0.46
,,,0.46
,,,0.38
,,,0.34
4.6,,2.691552555,
,,,0.31
,,,0.3
,,,0.46
,,,0.48
,,,0.45
,,,0.43
,,,0.43
,,,0.31
,,,0.3
,,,0.27
,,,
,,,0.24
,,,0.29
,,,0.3
,,,0.33
,,,0.3
,,,0.42
,,,0.32
,,,0.31
,,,0.3
4.7,,2.672304266,
,,,0.46
,,,0.54
,,,0.57
,,,0.6
,,,0.58
,,,0.56
,,,0.58
,,,0.54
,,,0.48
,,,0.49
,,,0.42
,,,0.42
,,,0.41
,,,0.4
,,,0.38
,,,0.4
,,,0.41
,,,0.46
,,,0.46
,,,0.47
,,,0.54
,,,0.51
4.3,12821.339,2.640497846,0.5
,,,0.46
,,,0.39
,,,0.41
,,,0.46
,,,0.52
,,,0.52
,,,
,,,0.47
,,,0.47
,,,0.52
,,,0.55
,,,0.54
,,,0.57
,,,0.61
,,,0.59
,,,0.6
,,,0.59
,,,0.72
,,,0.74
,,,0.74
,,,0.68
4.4,,2.611332031,0.65
,,,0.57
,,,0.59
,,,0.56
,,,0.55
,,,0.57
,,,0.65
,,,0.58
,,,0.52
,,,0.49
,,,0.5
,,,0.44
,,,0.42
,,,0.4
,,,0.41
,,,0.42
,,,
,,,0.42
,,,0.47
,,,0.51
,,,0.53
4.5,,2.600204475,0.45
,,,0.48
,,,0.44
,,,0.47
,,,0.46
,,,0.42
,,,0.42
,,,0.37
,,,0.33
,,,0.3
,,,0.22
,,,0.25
,,,0.31
,,,0.31
,,,0.3
,,,0.35
,,,0.35
,,,0.42
,,,0.44
,,,0.45
,,,0.31
,,,0.34
4.5,12982.752,2.603335947,0.35
,,,0.35
,,,
,,,0.3
,,,0.34
,,,0.34
,,,0.34
,,,0.36
,,,0.33
,,,0.33
,,,0.34
,,,0.33
,,,0.37
,,,0.39
,,,0.36
,,,0.39
,,,0.36
,,,0.37
,,,0.41
,,,0.43
,,,0.45
,,,0.43
,,,0.4
4.5,,2.633982138,
,,,0.33
,,,0.33
,,,0.35
,,,0.41
,,,0.41
,,,0.34
,,,0.34
,,,0.38
,,,0.4
,,,0.37
,,,0.33
,,,0.35
,,,0.35
,,,0.34
,,,0.31
,,,0.22
,,,0.16
,,,0.2
,,,0.13
,,,0.18
,,,0.09
4.6,,2.594217982,0.13
,,,0.19
,,,0.2
,,,0.16
,,,
,,,0.1
,,,0.07
,,,-0.02
,,,-0.02
,,,0.04
,,,0.11
,,,0.14
,,,0.1
,,,0.07
,,,-0.13
,,,-0.08
,,,0.02
,,,0.09
,,,0.08
,,,0.05
,,,0.05
,,,0.07
4.5,13191.67,2.535056337,0.1
,,,0.09
,,,-0.07
,,,0.06
,,,0.19
,,,0.67
,,,0.89
,,,
,,,0.74
,,,0.56
,,,0.43
,,,0.79
,,,0.53
,,,0.62
,,,0.59
,,,0.64
,,,0.73
,,,0.67
,,,0.57
,,,0.32
,,,0.22
,,,0.31
4.4,,2.523581703,
,,,0.23
,,,0.28
,,,0.27
,,,0.24
,,,0.29
,,,0.3
,,,0.27
,,,
,,,0.29
,,,0.35
,,,0.33
,,,0.45
,,,0.41
,,,0.39
,,,0.36
,,,0.25
,,,0.23
,,,0.26
,,,
,,,0.26
,,,0.17
4.4,,2.437823,0.18
,,,0.11
,,,0.13
,,,0.14
,,,0.23
,,,0.17
,,,0.13
,,,0.05
,,,0.11
,,,0.09
,,,0.13
,,,0.12
,,,0.12
,,,0.09
,,,0.13
,,,0.2
,,,0.23
,,,0.29
,,,
,,,0.22
,,,0.12
,,,0.1
,,,0.17
4.3,13315.597,2.383116,
,,,0.2
,,,0.26
,,,0.26
,,,0.33
,,,0.38
,,,0.39
,,,0.34
,,,0.29
,,,0.19
,,,0.22
,,,
,,,0.3
,,,0.39
,,,0.38
,,,0.28
,,,0.23
,,,0.23
,,,0.21
,,,0.18
,,,0.18
4.4,,2.316234,0.22
,,,0.26
,,,0.35
,,,0.4
,,,0.44
,,,0.4
,,,0.38
,,,0.42
,,,0.43
,,,0.52
,,,
,,,0.47
,,,0.46
,,,0.51
,,,0.51
,,,0.38
,,,0.44
,,,0.51
,,,0.7
,,,0.63
4.2,,2.237507,0.69
,,,0.69
,,,0.77
,,,0.79
,,,0.71
,,,0.65
,,,0.58
,,,0.6
,,,0.59
,,,0.56
,,,0.54
,,,0.56
,,,0.61
,,,0.6
,,,0.66
,,,0.69
,,,0.7
,,,0.67
,,,0.7
,,,0.7
,,,0.77
,,,0.73
,,,0.76
4.3,13426.748,2.226592,0.83
,,,0.77
,,,0.8
,,,0.71
,,,0.72
,,,0.63
,,,0.63
,,,0.74
,,,0.8
,,,0.83
,,,0.86
,,,0.89
,,,0.82
,,,0.78
,,,0.81
,,,0.85
,,,0.83
,,,0.76
,,,0.72
,,,0.76
,,,0.71
,,,0.81
4.2,,2.153318,
,,,0.76
,,,0.79
,,,0.79
,,,0.9
,,,0.92
,,,0.94
,,,0.97
,,,0.91
,,,0.82
,,,0.98
,,,0.95
,,,1.02
,,,0.97
,,,0.99
,,,0.91
,,,0.86
,,,0.85
,,,0.89
,,,0.97
,,,0.98
,,,
4.3,,2.070264,1.01
,,,1.06
,,,1.15
,,,1.25
,,,1.17
,,,1.21
,,,1.27
,,,1.25
,,,1.28
,,,1.22
,,,1.24
,,,1.27
,,,1.15
,,,1.15
,,,1.16
,,,1.21
,,,1.27
,,,1.31
,,,1.22
,,,1.08
,,,1.09
,,,1.03
4.3,13604.771,2.111144,1.17
,,,1.13
,,,
,,,1.16
,,,1.25
,,,1.17
,,,1.15
,,,1.0
,,,1.0
,,,1.02
,,,1.02
,,,1.0
,,,0.99
,,,1.01
,,,1.07
,,,1.17
,,,1.19
,,,1.18
,,,1.12
,,,1.1
,,,1.16
,,,1.17
4.2,,2.094839,
,,,1.07
,,,1.11
,,,1.18
,,,1.14
,,,1.22
,,,1.17
,,,1.21
,,,1.14
,,,1.29
,,,1.24
,,,1.14
,,,1.06
,,,1.12
,,,1.14
,,,1.04
,,,0.88
,,,0.86
,,,0.8
,,,0.82
,,,0.87
,,,0.94
,,,1.0
4.2,,2.070746,1.02
,,,1.11
,,,0.97
,,,
,,,1.1
,,,1.1
,,,1.16
,,,1.13
,,,1.12
,,,1.13
,,,1.19
,,,1.2
,,,1.2
,,,1.1
,,,1.15
,,,1.09
,,,1.05
,,,0.97
,,,0.96
,,,1.04
,,,1.14
,,,1.02
4.1,13827.98,2.04962,1.02
,,,1.08
,,,1.16
,,,1.23
,,,1.21
,,,1.22
,,,
,,,1.14
,,,1.14
,,,1.15
,,,1.05
,,,0.97
,,,1.03
,,,1.04
,,,1.06
,,,1.14
,,,1.08
,,,1.09
,,,1.05
,,,1.01
,,,0.9
4.1,,2.147821,0.9
,,,0.9
,,,0.89
,,,0.85
,,,0.78
,,,0.75
,,,0.78
,,,0.8
,,,
,,,0.7
,,,0.65
,,,0.68
,,,0.8
,,,0.83
,,,0.84
,,,0.82
,,,0.81
,,,0.8
,,,
,,,0.82
,,,0.85
,,,0.88
4.0,,2.167848,0.94
,,,0.99
,,,0.92
,,,0.94
,,,0.89
,,,0.93
,,,0.89
,,,0.78
,,,0.72
,,,0.83
,,,0.9
,,,0.92
,,,0.86
,,,0.73
,,,0.79
,,,0.83
,,,0.94
,,,
,,,0.93
,,,1.02
,,,1.17
,,,1.17
,,,1.12
4.0,13878.147,2.335519,
,,,1.1
,,,1.06
,,,1.18
,,,1.16
,,,1.14
,,,1.15
,,,1.24
,,,1.27
,,,1.22
,,,1.28
,,,
,,,1.19
,,,1.22
,,,1.31
,,,1.32
,,,1.14
,,,1.13
,,,1.11
,,,1.09
,,,1.01
,,,0.92
4.1,,2.379221,0.91
,,,0.94
,,,0.86
,,,0.86
,,,0.92
,,,0.9
,,,0.9
,,,1.0
,,,0.97
,,,0.88
,,,0.81
,,,0.83
,,,0.84
,,,0.74
,,,
,,,0.54
,,,0.62
,,,0.55
,,,0.57
,,,0.57
,,,0.64
4.0,,2.483286,0.63
,,,0.64
,,,0.6
,,,0.57
,,,0.56
,,,0.55
,,,0.53
,,,0.52
,,,0.47
,,,0.44
,,,0.44
,,,0.39
,,,0.31
,,,0.23
,,,0.22
,,,0.22
,,,0.18
,,,0.29
,,,0.33
,,,0.29
,,,0.29
,,,0.18
,,,0.15
3.8,14130.908,2.409239,
,,,0.13
,,,0.07
,,,0.04
,,,0.05
,,,-0.04
,,,-0.05
,,,0.06
,,,0.14
,,,0.13
,,,0.04
,,,0.19
,,,0.24
,,,0.18
,,,0.2
,,,
,,,0.2
,,,0.35
,,,0.39
,,,0.48
,,,0.41
4.0,,2.558647,0.29
,,,0.4
,,,0.49
,,,0.56
,,,0.54
,,,0.38
,,,0.39
,,,0.33
,,,0.29
,,,0.37
,,,0.22
,,,0.23
,,,0.43
,,,0.64
,,,0.62
,,,0.43
,,,0.44
,,,0.55
,,,0.54
,,,0.5
,,,
,,,0.51
,,,0.66
4.0,,2.701492,0.46
,,,0.28
,,,0.14
,,,0.15
,,,0.21
,,,0.22
,,,0.21
,,,0.16
,,,0.23
,,,0.24
,,,0.21
,,,0.16
,,,0.16
,,,0.24
,,,0.3
,,,0.28
,,,0.33
,,,0.29
,,,0.27
,,,0.3
,,,0.19
,,,0.15
4.0,14145.312,2.71297,
,,,0.0
,,,
,,,0.0
,,,0.03
,,,-0.03
,,,-0.06
,,,-0.04
,,,-0.08
,,,-0.17
,,,-0.07
,,,0.02
,,,0.0
,,,-0.02
,,,-0.17
,,,-0.12
,,,-0.17
,,,-0.16
,,,-0.14
,,,-0.2
,,,-0.16
,,,-0.23
4.1,,2.874818,-0.25
,,,-0.27
,,,-0.28
,,,-0.32
,,,-0.31
,,,-0.33
,,,-0.44
,,,-0.49
,,,-0.5
,,,-0.49
,,,-0.47
,,,-0.44
,,,-0.46
,,,-0.49
,,,-0.51
,,,-0.5
,,,-0.56
,,,-0.56
,,,-0.58
,,,-0.54
,,,-0.5
,,,-0.51
,,,-0.58
3.9,,2.897082,-0.59
,,,
,,,-0.58
,,,-0.49
,,,-0.44
,,,-0.41
,,,-0.34
,,,-0.31
,,,-0.35
,,,-0.35
,,,-0.3
,,,-0.27
,,,-0.31
,,,-0.25
,,,-0.28
,,,-0.31
,,,-0.34
,,,-0.37
,,,-0.37
,,,-0.43
,,,-0.43
3.9,14229.765,2.919941,
,,,-0.44
,,,-0.37
,,,-0.34
,,,-0.38
,,,-0.42
,,,
,,,-0.47
,,,-0.46
,,,-0.46
,,,-0.46
,,,-0.54
,,,-0.62
,,,-0.64
,,,-0.66
,,,-0.67
,,,-0.75
,,,-0.72
,,,-0.72
,,,-0.67
,,,-0.63
,,,-0.65
,,,-0.61
3.9,,2.870145,-0.63
,,,-0.63
,,,-0.55
,,,-0.55
,,,-0.55
,,,-0.54
,,,-0.58
,,,-0.55
,,,-0.62
,,,-0.61
,,,-0.66
,,,-0.67
,,,-0.64
,,,-0.68
,,,-0.69
,,,-0.74
,,,
,,,-0.73
,,,-0.69
,,,-0.69
,,,-0.69
,,,-0.73
3.9,,2.972089,-0.71
,,,-0.62
,,,-0.65
,,,-0.77
,,,-0.79
,,,-0.74
,,,-0.71
,,,-0.7
,,,-0.77
,,,-0.83
,,,-0.82
,,,-0.78
,,,-0.74
,,,-0.74
,,,-0.35
,,,-0.25
,,,
,,,-0.81
,,,-0.64
,,,-0.74
,,,-0.77
4.2,14183.12,2.878468,
,,,-0.95
,,,-0.55
,,,-0.34
,,,-0.19
,,,-0.25
,,,-0.26
,,,-0.19
,,,-0.17
,,,-0.08
,,,
,,,-0.14
,,,-0.17
,,,-0.16
,,,-0.05
,,,0.02
,,,0.06
,,,0.05
,,,0.01
,,,0.12
,,,0.21
,,,0.22
,,,0.2
4.2,,2.979742,0.1
,,,0.11
,,,0.12
,,,0.15
,,,0.03
,,,0.02
,,,-0.03
,,,0.01
,,,0.02
,,,0.06
,,,0.11
,,,0.09
,,,
,,,0.07
,,,0.12
,,,0.14
,,,0.21
,,,0.24
,,,0.14
,,,0.07
4.3,,2.961886,0.03
,,,0.11
,,,0.16
,,,0.2
,,,0.23
,,,0.21
,,,0.23
,,,0.26
,,,0.29
,,,0.3
,,,0.29
,,,0.24
,,,0.29
,,,0.29
,,,0.46
,,,0.47
,,,0.51
,,,0.56
,,,0.65
,,,0.63
,,,0.66
,,,0.63
4.4,14271.694,3.091112,
,,,0.76
,,,0.79
,,,0.84
,,,0.87
,,,0.95
,,,1.0
,,,1.15
,,,1.04
,,,1.16
,,,
,,,1.13
,,,1.09
,,,1.23
,,,1.4
,,,1.52
,,,1.45
,,,1.42
,,,1.44
,,,1.37
,,,1.49
,,,1.4
4.3,,3.07401,1.38
,,,1.42
,,,1.38
,,,1.47
,,,1.47
,,,1.54
,,,1.48
,,,1.57
,,,1.73
,,,1.75
,,,1.87
,,,1.91
,,,1.89
,,,1.8
,,,1.76
,,,1.78
,,,1.77
,,,1.82
,,,1.86
,,,
,,,1.83
,,,1.86
,,,1.8
4.5,,3.200619,1.72
,,,1.67
,,,1.66
,,,1.65
,,,1.7
,,,1.74
,,,1.72
,,,1.71
,,,1.73
,,,1.7
,,,1.75
,,,1.75
,,,1.75
,,,1.75
,,,1.71
,,,1.69
,,,1.7
,,,1.78
,,,1.74
,,,1.71
,,,1.77
4.6,14214.516,3.207811,
,,,1.7
,,,1.75
,,,
,,,1.79
,,,1.78
,,,1.72
,,,1.69
,,,1.73
,,,1.67
,,,1.65
,,,1.57
,,,1.61
,,,1.58
,,,1.58
,,,1.62
,,,1.57
,,,1.57
,,,1.64
,,,1.63
,,,1.58
,,,1.54
,,,1.53
4.9,,3.251713,1.58
,,,1.64
,,,1.68
,,,1.67
,,,1.68
,,,1.5
,,,1.59
,,,1.56
,,,1.52
,,,1.54
,,,1.57
,,,1.56
,,,1.48
,,,1.49
,,,1.48
,,,1.53
,,,1.49
,,,1.51
,,,1.49
,,,1.44
,,,1.36
,,,1.43
,,,1.48
5.0,,3.388746,
,,,
,,,1.55
,,,1.56
,,,1.52
,,,1.53
,,,1.58
,,,
,,,
,,,1.9
,,,1.93
,,,2.04
,,,2.24
,,,2.5
,,,2.53
,,,2.45
,,,2.35
,,,2.32
,,,2.27
,,,2.2
,,,2.2
5.3,14253.574,3.484066,2.18
,,,2.27
,,,2.27
,,,2.32
,,,2.33
,,,
,,,2.4
,,,2.39
,,,2.42
,,,2.43
,,,2.37
,,,2.37
,,,2.37
,,,2.39
,,,2.44
,,,2.41
,,,2.46
,,,2.44
,,,2.42
,,,2.39
,,,2.41
,,,2.39
,,,2.25
5.5,,3.601999,2.18
,,,2.36
,,,2.3
,,,2.45
,,,2.42
,,,2.48
,,,2.51
,,,
,,,2.57
,,,2.67
,,,2.87
,,,2.96
,,,2.86
,,,2.93
,,,3.02
,,,
,,,3.09
,,,3.07
,,,3.06
,,,3.11
,,,2.99
,,,3.0
5.7,,3.564921,
,,,2.97
,,,2.96
,,,3.15
,,,3.29
,,,3.51
,,,3.46
,,,3.47
,,,3.35
,,,3.44
,,,3.51
,,,3.52
,,,3.45
,,,3.39
,,,3.39
,,,3.41
,,,3.46
,,,
,,,3.47
,,,3.39
,,,3.43
,,,3.33
5.7,14372.785,3.557463,
,,,3.46
,,,3.43
,,,3.46
,,,3.41
,,,3.42
,,,3.42
,,,3.32
,,,3.34
,,,3.33
,,,3.28
,,,3.27
,,,3.34
,,,3.32
,,,
,,,3.26
,,,3.34
,,,3.35
,,,3.38
,,,3.36
,,,3.3
,,,3.27
,,,3.31
5.7,,3.527436,3.26
,,,3.17
,,,3.16
,,,3.18
,,,3.2
,,,3.17
,,,3.16
,,,3.22
,,,3.25
,,,3.2
,,,3.12
,,,
,,,3.12
,,,3.12
,,,3.12
,,,3.08
,,,3.09
,,,3.16
,,,3.07
,,,3.09
5.7,,3.46848,3.21
,,,3.21
,,,3.22
,,,3.28
,,,3.44
,,,3.52
,,,3.47
,,,3.48
,,,3.46
,,,3.54
,,,3.49
,,,3.44
,,,3.48
,,,3.56
,,,3.55
,,,3.56
,,,3.56
,,,3.54
,,,3.54
,,,3.63
,,,
5.9,14460.848,3.465822,3.65
,,,3.56
,,,3.51
,,,3.5
,,,3.46
,,,3.5
,,,3.49
,,,3.53
,,,3.5
,,,3.47
,,,3.43
,,,3.46
,,,3.51
,,,3.51
,,,3.48
,,,3.47
,,,3.45
,,,3.39
,,,3.36
,,,3.33
,,,3.35
,,,3.34
5.8,,3.452132,3.31
,,,3.36
,,,3.32
,,,3.32
,,,3.33
,,,3.48
,,,3.43
,,,3.38
,,,3.44
,,,3.54
,,,3.52
,,,3.45
,,,3.51
,,,3.44
,,,3.43
,,,3.39
,,,3.42
,,,3.42
,,,
,,,3.39
,,,3.36
,,,3.31
,,,3.34
5.8,,3.241692,
,,,3.29
,,,3.28
,,,3.33
,,,3.3
,,,3.36
,,,3.31
,,,3.27
,,,3.24
,,,3.22
,,,3.12
,,,3.15
,,,3.15
,,,3.05
,,,3.12
,,,3.07
,,,3.13
,,,3.15
,,,3.05
,,,3.14
,,,3.16
5.8,14519.633,3.263706,3.13
,,,3.05
,,,3.06
,,,
,,,3.18
,,,3.11
,,,3.06
,,,2.94
,,,2.94
,,,2.92
,,,2.94
,,,3.03
,,,2.99
,,,2.94
,,,2.9
,,,2.81
,,,2.77
,,,2.8
,,,2.73
,,,2.74
,,,2.9
,,,2.93
,,,2.8
5.7,,3.146595,2.79
,,,2.7
,,,2.65
,,,2.77
,,,2.76
,,,2.78
,,,2.65
,,,2.54
,,,2.49
,,,2.42
,,,2.55
,,,2.7
,,,2.62
,,,2.55
,,,2.57
,,,2.65
,,,2.6
,,,2.54
,,,2.61
,,,2.55
,,,2.48
,,,2.45
5.7,,3.026606,
,,,
,,,2.34
,,,2.33
,,,2.3
,,,2.39
,,,2.36
,,,2.32
,,,2.38
,,,2.29
,,,2.23
,,,2.19
,,,2.17
,,,2.18
,,,2.14
,,,2.14
,,,2.05
,,,2.04
,,,2.11
,,,2.14
,,,2.06
,,,2.06
5.7,14537.58,2.937194,2.13
,,,2.13
,,,2.13
,,,2.08
,,,2.01
,,,2.04
,,,2.04
,,,2.1
,,,2.25
,,,
,,,2.39
,,,2.4
,,,2.49
,,,2.47
,,,2.53
,,,2.58
,,,2.58
,,,2.51
,,,2.48
,,,2.51
,,,2.46
,,,2.48
,,,2.49
5.9,,2.824322,2.58
,,,2.64
,,,2.68
,,,2.86
,,,2.66
,,,2.63
,,,
,,,2.62
,,,2.63
,,,2.81
,,,2.83
,,,2.79
,,,2.78
,,,2.86
,,,2.92
,,,2.95
,,,2.95
,,,2.86
,,,3.03
,,,
,,,3.0
6.0,,2.792164,
,,,2.98
,,,3.01
,,,2.96
,,,2.91
,,,2.88
,,,2.83
,,,2.85
,,,2.8
,,,2.8
,,,2.86
,,,2.92
,,,2.91
,,,2.85
,,,2.75
,,,2.76
,,,2.79
,,,2.76
,,,
,,,2.75
,,,2.67
,,,2.6
,,,2.61
5.8,14614.141,2.778159,
,,,2.85
,,,2.83
,,,2.88
,,,2.85
,,,2.81
,,,2.99
,,,2.96
,,,2.94
,,,2.91
,,,2.9
,,,2.92
,,,2.87
,,,
,,,2.82
,,,2.78
,,,2.81
,,,2.78
,,,2.81
,,,2.82
,,,2.88
,,,2.82
,,,2.82
5.9,,2.69562,
,,,2.83
,,,2.8
,,,2.84
,,,2.8
,,,2.79
,,,2.82
,,,2.8
,,,2.75
,,,2.72
,,,2.77
,,,
,,,2.75
,,,2.7
,,,2.66
,,,2.71
,,,2.65
,,,2.61
,,,2.57
,,,2.55
,,,2.51
5.9,,2.619135,
,,,2.48
,,,2.46
,,,2.45
,,,2.49
,,,2.51
,,,2.51
,,,2.5
,,,2.5
,,,2.62
,,,2.59
,,,2.67
,,,2.77
,,,2.82
,,,2.84
,,,2.93
,,,2.81
,,,2.79
,,,2.78
,,,2.79
,,,2.78
,,,2.69
6.0,14743.567,2.450573,2.72
,,,2.81
,,,2.82
,,,2.85
,,,2.86
,,,2.8
,,,2.8
,,,2.81
,,,2.83
,,,2.84
,,,2.8
,,,2.79
,,,2.8
,,,
,,,2.82
,,,2.83
,,,2.85
,,,2.78
,,,2.77
,,,2.78
,,,2.81
,,,2.76
6.1,,2.338588,2.78
,,,2.82
,,,2.79
,,,2.74
,,,2.61
,,,2.61
,,,2.58
,,,2.54
,,,2.54
,,,2.47
,,,2.47
,,,2.41
,,,2.41
,,,2.34
,,,2.33
,,,2.26
,,,2.26
,,,
,,,2.32
,,,2.32
,,,2.24
,,,2.26
6.3,,2.261697,
,,,2.29
,,,2.26
,,,2.25
,,,2.3
,,,2.32
,,,2.26
,,,2.23
,,,2.27
,,,2.26
,,,2.27
,,,2.31
,,,2.37
,,,2.48
,,,2.54
,,,2.57
,,,2.47
,,,2.46
,,,2.46
,,,2.64
,,,2.71
,,,2.64
6.2,14988.782,2.228217,2.67
,,,2.69
,,,2.8
,,,
,,,2.82
,,,2.83
,,,2.83
,,,2.81
,,,2.77
,,,2.83
,,,3.02
,,,3.06
,,,3.08
,,,3.09
,,,3.26
,,,3.24
,,,3.19
,,,3.27
,,,3.29
,,,3.34
,,,3.43
,,,3.36
,,,3.53
6.1,,2.155287,3.49
,,,3.38
,,,3.51
,,,3.37
,,,3.35
,,,3.31
,,,3.42
,,,3.42
,,,3.62
,,,3.59
,,,3.6
,,,3.53
,,,3.42
,,,3.49
,,,3.56
,,,3.5
,,,3.51
,,,3.49
,,,3.54
,,,3.43
,,,3.47
6.1,,2.174311,
,,,3.63
,,,3.63
,,,3.55
,,,3.39
,,,3.44
,,,3.41
,,,3.32
,,,3.39
,,,3.31
,,,3.32
,,,3.36
,,,3.25
,,,3.23
,,,3.22
,,,3.31
,,,3.31
,,,3.21
,,,3.18
,,,3.1
,,,3.13
,,,3.01
6.0,15162.76,2.150681,3.01
,,,3.09
,,,3.27
,,,3.23
,,,3.35
,,,3.36
,,,3.41
,,,3.37
,,,
,,,3.44
,,,3.5
,,,3.54
,,,3.48
,,,3.46
,,,3.45
,,,3.33
,,,3.38
,,,3.29
,,,3.32
,,,3.27
,,,3.35
,,,3.4
,,,3.37
5.8,,2.025956,
,,,3.44
,,,3.38
,,,3.42
,,,3.49
,,,3.52
,,,3.52
,,,
,,,3.49
,,,3.36
,,,3.27
,,,3.22
,,,3.21
,,,3.29
,,,3.21
,,,3.21
,,,3.27
,,,3.24
,,,3.31
,,,
,,,3.41
5.7,,1.967767,3.45
,,,3.44
,,,3.47
,,,3.45
,,,3.31
,,,3.36
,,,3.39
,,,3.37
,,,3.37
,,,3.35
,,,3.38
,,,3.33
,,,3.29
,,,3.27
,,,3.27
,,,3.28
,,,3.38
,,,3.3
,,,
,,,3.3
,,,3.34
,,,3.35
,,,3.32
5.7,15248.68,1.949813,
,,,3.45
,,,3.5
,,,3.38
,,,3.36
,,,3.39
,,,3.24
,,,3.22
,,,3.16
,,,3.13
,,,3.11
,,,3.15
,,,
,,,3.19
,,,3.16
,,,3.11
,,,3.19
,,,3.26
,,,3.2
,,,3.28
,,,3.28
,,,3.24
5.6,,2.037157,
,,,3.24
,,,3.19
,,,3.21
,,,3.26
,,,3.19
,,,3.15
,,,3.18
,,,3.12
,,,3.17
,,,3.13
,,,
,,,3.1
,,,3.11
,,,3.11
,,,3.16
,,,3.08
,,,3.07
,,,3.06
,,,3.09
,,,3.03
5.8,,2.126567,3.03
,,,3.08
,,,3.1
,,,3.08
,,,2.91
,,,2.82
,,,2.77
,,,2.78
,,,2.77
,,,2.82
,,,2.82
,,,2.74
,,,2.78
,,,2.83
,,,2.86
,,,2.79
,,,2.78
,,,2.8
,,,2.81
,,,2.9
,,,2.95
,,,2.95
,,,2.91
5.6,15366.85,2.247883,2.98
,,,3.2
,,,3.3
,,,3.25
,,,3.24
,,,3.28
,,,
,,,3.31
,,,3.41
,,,3.45
,,,3.47
,,,3.43
,,,3.43
,,,3.46
,,,3.46
,,,3.43
,,,3.5
,,,3.47
,,,3.45
,,,3.53
,,,3.58
,,,3.55
5.6,,2.228612,
,,,3.53
,,,3.56
,,,3.62
,,,3.63
,,,3.72
,,,3.73
,,,3.74
,,,3.79
,,,3.85
,,,3.8
,,,3.64
,,,3.69
,,,3.75
,,,3.69
,,,3.73
,,,3.68
,,,3.66
,,,3.59
,,,3.54
,,,3.58
,,,
5.6,,2.370793,3.54
,,,3.57
,,,3.54
,,,3.57
,,,3.54
,,,3.51
,,,3.55
,,,3.51
,,,
,,,3.48
,,,3.35
,,,3.44
,,,3.43
,,,3.43
,,,3.37
,,,3.4
,,,3.42
,,,3.37
,,,3.35
,,,3.38
,,,3.32
,,,3.29
5.5,15512.619,2.254997,3.35
,,,3.18
,,,
,,,3.15
,,,3.2
,,,3.22
,,,3.21
,,,3.12
,,,3.16
,,,3.16
,,,3.15
,,,3.03
,,,3.03
,,,3.11
,,,3.15
,,,3.11
,,,3.07
,,,3.04
,,,3.16
,,,3.15
,,,3.15
,,,3.05
5.4,,2.249671,
,,,2.98
,,,2.97
,,,2.96
,,,2.95
,,,2.8
,,,2.77
,,,2.82
,,,2.86
,,,2.84
,,,2.78
,,,2.77
,,,2.73
,,,2.74
,,,2.74
,,,2.75
,,,2.74
,,,2.74
,,,2.72
,,,2.67
,,,2.67
,,,2.58
,,,2.54
5.4,,2.23192,2.55
,,,2.6
,,,2.65
,,,
,,,2.6
,,,2.53
,,,2.58
,,,2.53
,,,2.5
,,,2.49
,,,2.51
,,,2.41
,,,2.43
,,,2.34
,,,2.33
,,,2.29
,,,2.3
,,,2.31
,,,2.27
,,,2.3
,,,2.38
,,,2.43
5.5,15670.88,2.229333,2.5
,,,2.48
,,,2.47
,,,2.52
,,,2.56
,,,2.44
,,,
,,,2.4
,,,2.37
,,,2.29
,,,2.31
,,,2.26
,,,2.25
,,,2.19
,,,2.16
,,,2.15
,,,2.09
,,,2.1
,,,2.19
,,,2.18
,,,2.14
5.4,,2.293797,2.12
,,,2.13
,,,2.13
,,,2.12
,,,2.18
,,,2.15
,,,2.14
,,,2.17
,,,
,,,2.12
,,,2.08
,,,2.07
,,,2.01
,,,1.99
,,,2.05
,,,1.98
,,,2.0
,,,2.02
,,,
,,,2.03
,,,2.11
,,,2.13
5.4,,2.304188,2.16
,,,2.18
,,,2.06
,,,1.99
,,,1.98
,,,1.9
,,,1.95
,,,1.91
,,,1.92
,,,1.93
,,,1.88
,,,1.99
,,,2.01
,,,1.99
,,,1.98
,,,2.03
,,,2.04
,,,
,,,2.04
,,,2.06
,,,2.11
,,,2.05
,,,2.02
5.3,15844.727,2.308836,
,,,1.91
,,,1.96
,,,1.96
,,,1.98
,,,1.97
,,,1.93
,,,1.92
,,,1.91
,,,1.85
,,,1.86
,,,
,,,1.82
,,,1.83
,,,1.82
,,,1.8
,,,1.77
,,,1.81
,,,1.8
,,,1.78
,,,1.7
,,,1.63
5.4,,2.279146,1.64
,,,1.64
,,,1.7
,,,1.62
,,,1.56
,,,1.56
,,,1.49
,,,1.56
,,,1.55
,,,1.49
,,,1.51
,,,1.59
,,,1.61
,,,1.66
,,,
,,,1.62
,,,1.6
,,,1.6
,,,1.53
,,,1.6
5.2,,2.238654,1.63
,,,1.64
,,,1.63
,,,1.56
,,,1.55
,,,1.63
,,,1.76
,,,1.73
,,,1.8
,,,1.72
,,,1.73
,,,1.72
,,,1.68
,,,1.7
,,,1.68
,,,1.74
,,,1.78
,,,1.76
,,,
,,,1.8
,,,1.76
,,,1.73
,,,1.71
5.2,15922.782,2.231837,1.66
,,,1.67
,,,1.69
,,,1.68
,,,1.72
,,,1.71
,,,1.69
,,,1.62
,,,1.61
,,,1.59
,,,1.48
,,,1.37
,,,1.3
,,,1.35
,,,1.44
,,,1.33
,,,1.33
,,,1.37
,,,1.36
,,,1.31
,,,1.31
5.1,,2.350311,
,,,1.28
,,,1.3
,,,1.33
,,,1.38
,,,1.41
,,,1.38
,,,1.33
,,,1.34
,,,1.3
,,,1.29
,,,1.24
,,,1.24
,,,1.21
,,,1.24
,,,1.23
,,,1.1
,,,1.1
,,,1.13
,,,1.14
,,,1.11
,,,
,,,1.01
5.0,,2.191008,0.94
,,,0.92
,,,0.97
,,,0.94
,,,0.9
,,,0.93
,,,0.99
,,,1.04
,,,1.06
,,,1.12
,,,1.12
,,,1.11
,,,1.1
,,,1.09
,,,1.04
,,,0.92
,,,0.89
,,,0.83
,,,0.75
,,,0.83
,,,0.86
,,,0.81
5.0,16047.587,2.292571,0.89
,,,
,,,0.89
,,,0.89
,,,0.9
,,,0.94
,,,0.92
,,,0.94
,,,0.95
,,,0.96
,,,0.92
,,,0.92
,,,0.89
,,,0.87
,,,0.93
,,,0.85
,,,0.81
,,,0.81
,,,0.87
,,,0.79
,,,0.86
4.9,,2.256804,0.84
,,,0.85
,,,0.84
,,,0.85
,,,0.88
,,,0.88
,,,0.89
,,,0.89
,,,0.81
,,,0.72
,,,0.73
,,,0.69
,,,0.76
,,,0.71
,,,0.69
,,,0.69
,,,0.67
,,,0.66
,,,0.64
,,,0.65
,,,0.66
,,,0.62
,,,0.5
5.0,,2.326514,0.54
,,,0.57
,,,
,,,0.57
,,,0.66
,,,0.67
,,,0.65
,,,0.67
,,,0.67
,,,0.75
,,,0.77
,,,0.76
,,,0.67
,,,0.65
,,,0.78
,,,0.72
,,,0.77
,,,0.78
,,,0.81
,,,0.8
,,,0.75
,,,0.79
5.0,16136.734,2.318218,
,,,0.78
,,,0.75
,,,0.78
,,,0.76
,,,0.72
,,,
,,,0.66
,,,0.75
,,,0.73
,,,0.7
,,,0.64
,,,0.64
,,,0.61
,,,0.61
,,,0.52
,,,0.53
,,,0.61
,,,0.7
,,,0.69
,,,0.65
,,,0.59
5.0,,2.424911,0.62
,,,0.67
,,,0.71
,,,0.68
,,,0.69
,,,0.61
,,,0.65
,,,0.58
,,,
,,,0.59
,,,0.55
,,,0.49
,,,0.45
,,,0.49
,,,0.46
,,,0.5
,,,0.52
,,,
,,,0.48
,,,0.43
,,,0.5
,,,0.54
4.9,,2.463042,0.55
,,,0.53
,,,0.53
,,,0.45
,,,0.49
,,,0.53
,,,0.6
,,,0.66
,,,0.63
,,,0.56
,,,0.54
,,,0.52
,,,0.49
,,,0.52
,,,0.51
,,,0.46
,,,0.39
,,,
,,,0.36
,,,0.43
,,,0.36
,,,0.31
4.7,16353.835,2.444816,
,,,
,,,0.21
,,,0.17
,,,0.16
,,,0.16
,,,0.15
,,,0.14
,,,0.16
,,,0.1
,,,0.03
,,,
,,,-0.04
,,,-0.01
,,,0.03
,,,0.02
,,,-0.02
,,,0.0
,,,0.07
,,,0.08
,,,0.07
,,,0.06
,,,0.06
4.8,,2.492938,0.1
,,,0.09
,,,0.06
,,,0.07
,,,0.08
,,,0.06
,,,0.02
,,,0.06
,,,0.03
,,,0.07
,,,0.06
,,,0.04
,,,0.0
,,,
,,,0.01
,,,-0.04
,,,-0.03
,,,-0.02
,,,-0.03
,,,-0.07
4.7,,2.575349,-0.01
,,,0.02
,,,0.06
,,,0.14
,,,0.14
,,,0.15
,,,0.14
,,,0.14
,,,0.16
,,,0.12
,,,0.1
,,,0.03
,,,0.04
,,,0.0
,,,0.02
,,,0.01
,,,0.06
,,,0.02
,,,0.07
,,,0.14
,,,0.18
,,,0.25
,,,0.23
4.7,16396.151,2.67529,
,,,0.21
,,,0.19
,,,0.17
,,,0.22
,,,0.28
,,,0.28
,,,0.23
,,,0.28
,,,0.35
,,,
,,,0.29
,,,0.27
,,,0.31
,,,0.31
,,,0.26
,,,0.24
,,,0.28
,,,0.33
,,,0.31
,,,0.3
4.6,,2.778406,0.32
,,,0.31
,,,0.33
,,,0.36
,,,0.29
,,,0.25
,,,0.25
,,,0.25
,,,0.32
,,,0.34
,,,0.29
,,,0.27
,,,0.33
,,,0.25
,,,0.23
,,,0.21
,,,0.23
,,,0.21
,,,0.25
,,,0.22
,,,
,,,0.25
,,,0.26
4.6,,3.029284,0.28
,,,0.19
,,,0.17
,,,0.15
,,,0.16
,,,0.13
,,,0.1
,,,0.06
,,,0.08
,,,0.15
,,,0.25
,,,0.25
,,,0.21
,,,0.23
,,,0.24
,,,0.28
,,,0.25
,,,0.22
,,,0.16
,,,0.24
,,,0.21
,,,0.14
4.7,16420.738,3.089187,
,,,0.07
,,,
,,,0.22
,,,0.19
,,,0.12
,,,0.07
,,,0.05
,,,0.04
,,,0.03
,,,0.01
,,,-0.04
,,,0.0
,,,-0.05
,,,-0.05
,,,-0.05
,,,-0.05
,,,-0.06
,,,-0.07
,,,-0.03
,,,-0.07
,,,-0.11
4.7,,3.219901,-0.13
,,,-0.14
,,,-0.15
,,,-0.18
,,,-0.19
,,,-0.17
,,,-0.15
,,,-0.12
,,,-0.1
,,,-0.12
,,,-0.17
,,,-0.2
,,,-0.22
,,,-0.26
,,,-0.29
,,,-0.28
,,,-0.27
,,,-0.28
,,,-0.32
,,,-0.3
,,,-0.28
,,,-0.29
,,,-0.31
4.5,,3.207054,-0.29
,,,
,,,-0.22
,,,-0.17
,,,-0.17
,,,-0.15
,,,-0.13
,,,-0.12
,,,-0.14
,,,-0.16
,,,-0.16
,,,-0.13
,,,-0.2
,,,-0.2
,,,-0.27
,,,-0.33
,,,-0.32
,,,-0.29
,,,-0.28
,,,-0.24
,,,-0.25
4.4,16561.866,3.285968,
,,,-0.26
,,,-0.28
,,,-0.36
,,,-0.33
,,,-0.25
,,,
,,,-0.25
,,,-0.24
,,,-0.27
,,,-0.24
,,,-0.3
,,,-0.31
,,,-0.32
,,,-0.31
,,,-0.3
,,,-0.29
,,,-0.3
,,,-0.34
,,,-0.39
,,,-0.43
,,,-0.42
,,,-0.47
4.5,,3.141252,-0.5
,,,-0.47
,,,-0.37
,,,-0.38
,,,-0.42
,,,-0.46
,,,-0.47
,,,-0.51
,,,-0.48
,,,-0.52
,,,-0.48
,,,-0.43
,,,-0.48
,,,-0.48
,,,-0.49
,,,-0.48
,,,
,,,-0.49
,,,-0.51
,,,-0.53
,,,-0.52
,,,-0.57
4.4,,3.1159,-0.6
,,,-0.58
,,,-0.54
,,,-0.51
,,,-0.49
,,,-0.41
,,,-0.41
,,,-0.44
,,,-0.36
,,,-0.36
,,,-0.31
,,,-0.36
,,,-0.36
,,,-0.36
,,,-0.42
,,,-0.36
,,,
,,,-0.38
,,,-0.31
,,,-0.3
,,,-0.31
4.6,16611.69,3.136734,
,,,-0.39
,,,-0.38
,,,-0.42
,,,-0.4
,,,-0.42
,,,-0.42
,,,-0.4
,,,-0.37
,,,-0.32
,,,
,,,-0.36
,,,-0.33
,,,-0.37
,,,-0.36
,,,-0.37
,,,-0.33
,,,-0.32
,,,-0.27
,,,-0.25
,,,-0.24
,,,-0.25
,,,-0.29
4.5,,3.152428,-0.29
,,,-0.31
,,,-0.34
,,,-0.37
,,,-0.41
,,,-0.43
,,,-0.36
,,,-0.38
,,,-0.35
,,,-0.42
,,,-0.47
,,,-0.48
,,,
,,,-0.51
,,,-0.49
,,,-0.46
,,,-0.5
,,,-0.56
,,,-0.64
,,,-0.6
4.4,,3.099888,-0.59
,,,-0.6
,,,-0.59
,,,-0.61
,,,-0.62
,,,-0.59
,,,-0.51
,,,-0.53
,,,-0.59
,,,-0.53
,,,-0.51
,,,-0.49
,,,-0.48
,,,-0.5
,,,-0.52
,,,-0.46
,,,-0.46
,,,-0.46
,,,-0.46
,,,-0.44
,,,-0.41
,,,-0.39
4.5,16713.314,2.957465,
,,,-0.39
,,,-0.38
,,,-0.41
,,,-0.36
,,,-0.29
,,,-0.27
,,,-0.3
,,,-0.3
,,,-0.29
,,,-0.26
,,,-0.27
,,,-0.32
,,,-0.34
,,,-0.31
,,,-0.31
,,,-0.32
,,,-0.35
,,,-0.31
,,,-0.27
,,,-0.24
,,,-0.28
4.4,,2.774199,-0.26
,,,-0.26
,,,-0.22
,,,-0.25
,,,-0.25
,,,-0.27
,,,-0.21
,,,-0.22
,,,-0.2
,,,-0.16
,,,-0.12
,,,-0.04
,,,-0.05
,,,-0.03
,,,-0.09
,,,-0.1
,,,-0.05
,,,-0.05
,,,-0.02
,,,
,,,-0.02
,,,0.03
,,,0.17
4.6,,2.621714,0.16
,,,0.12
,,,0.15
,,,0.17
,,,0.31
,,,0.35
,,,0.41
,,,0.54
,,,0.54
,,,0.58
,,,0.6
,,,0.52
,,,0.44
,,,0.4
,,,0.46
,,,0.41
,,,0.27
,,,0.28
,,,0.32
,,,0.34
,,,0.21
4.7,16809.587,2.525322,
,,,0.05
,,,0.1
,,,
,,,0.21
,,,0.24
,,,0.19
,,,0.08
,,,0.14
,,,0.16
,,,0.14
,,,0.07
,,,0.12
,,,0.06
,,,0.06
,,,-0.01
,,,-0.05
,,,-0.08
,,,-0.07
,,,-0.13
,,,-0.05
,,,-0.14
,,,-0.18
4.6,,2.459164,-0.13
,,,-0.12
,,,-0.14
,,,-0.16
,,,-0.17
,,,-0.11
,,,-0.02
,,,0.24
,,,0.04
,,,0.09
,,,0.48
,,,0.81
,,,0.92
,,,1.52
,,,1.01
,,,0.96
,,,0.73
,,,0.39
,,,-0.03
,,,0.13
,,,0.59
,,,0.67
,,,0.53
4.7,,2.475003,
,,,
,,,0.09
,,,0.12
,,,0.22
,,,0.31
,,,0.38
,,,0.26
,,,0.38
,,,0.41
,,,0.46
,,,0.33
,,,0.49
,,,0.6
,,,0.9
,,,0.9
,,,0.79
,,,0.84
,,,0.9
,,,0.87
,,,0.77
4.7,16915.191,2.494632,0.64
,,,0.58
,,,0.59
,,,0.58
,,,0.65
,,,
,,,0.61
,,,0.59
,,,0.54
,,,0.5
,,,0.39
,,,0.41
,,,0.56
,,,0.76
,,,0.55
,,,0.42
,,,0.43
,,,0.51
,,,0.43
,,,0.45
,,,0.38
,,,0.44
,,,0.54
4.7,,2.64947,0.55
,,,0.7
,,,0.64
,,,0.62
,,,0.85
,,,0.9
,,,0.96
,,,
,,,0.76
,,,0.87
,,,0.87
,,,0.75
,,,0.67
,,,0.81
,,,0.91
,,,
,,,0.78
,,,0.7
,,,0.79
,,,0.98
,,,0.95
,,,0.82
5.0,,2.712396,
,,,0.83
,,,0.82
,,,0.85
,,,0.93
,,,1.0
,,,1.1
,,,1.04
,,,1.17
,,,1.31
,,,1.36
,,,1.13
,,,1.1
,,,1.15
,,,1.12
,,,1.18
,,,0.9
,,,
,,,0.98
,,,1.04
,,,0.93
,,,0.68
5.0,16843.003,2.747695,
,,,0.65
,,,0.67
,,,0.68
,,,0.59
,,,0.61
,,,0.6
,,,0.67
,,,0.73
,,,0.62
,,,0.55
,,,0.6
,,,0.59
,,,0.8
,,,
,,,1.17
,,,1.3
,,,1.31
,,,1.31
,,,1.27
,,,1.41
,,,1.57
,,,1.71
4.9,,2.617738,1.52
,,,1.41
,,,1.42
,,,1.51
,,,1.57
,,,1.41
,,,1.31
,,,1.35
,,,1.42
,,,1.54
,,,1.55
,,,
,,,1.61
,,,1.68
,,,1.57
,,,1.59
,,,1.71
,,,1.74
,,,1.87
,,,1.81
,,,1.68
5.1,,2.688949,
,,,1.84
,,,1.97
,,,2.17
,,,2.23
,,,2.11
,,,2.11
,,,2.12
,,,2.01
,,,2.21
,,,2.26
,,,2.23
,,,2.56
,,,2.77
,,,2.71
,,,
,,,2.32
,,,2.22
,,,2.22
,,,2.26
,,,2.14
,,,2.07
5.0,16943.291,2.725505,2.17
,,,2.19
,,,2.21
,,,2.15
,,,2.12
,,,2.17
,,,2.18
,,,2.28
,,,2.3
,,,2.45
,,,2.5
,,,2.6
,,,2.52
,,,2.42
,,,2.41
,,,2.47
,,,2.51
,,,2.61
,,,2.57
,,,2.43
,,,2.39
,,,2.34
5.4,,2.793043,2.33
,,,2.39
,,,2.35
,,,2.3
,,,2.2
,,,2.13
,,,2.08
,,,2.01
,,,2.07
,,,2.1
,,,2.0
,,,2.01
,,,2.01
,,,1.92
,,,1.95
,,,2.06
,,,1.99
,,,
,,,2.04
,,,2.14
,,,2.18
,,,2.17
5.6,,2.933931,
,,,2.13
,,,2.07
,,,2.14
,,,2.21
,,,2.09
,,,2.13
,,,2.09
,,,2.14
,,,2.23
,,,2.28
,,,2.18
,,,2.24
,,,2.23
,,,2.31
,,,2.29
,,,2.32
,,,2.27
,,,2.31
,,,2.33
,,,2.31
,,,2.09
5.8,16854.295,3.010504,2.14
,,,2.17
,,,2.15
,,,
,,,2.08
,,,2.05
,,,2.03
,,,2.16
,,,2.34
,,,2.38
,,,2.48
,,,2.6
,,,2.64
,,,2.63
,,,2.61
,,,2.59
,,,2.57
,,,2.38
,,,2.38
,,,2.33
,,,2.37
,,,2.37
,,,2.31
6.1,,3.080765,2.31
,,,2.23
,,,2.29
,,,2.42
,,,2.26
,,,2.24
,,,2.12
,,,2.05
,,,2.09
,,,2.0
,,,1.99
,,,2.0
,,,2.03
,,,2.08
,,,2.12
,,,2.17
,,,2.05
,,,2.08
,,,2.1
,,,2.05
,,,2.11
6.1,,3.071629,
,,,2.02
,,,2.01
,,,1.95
,,,1.98
,,,1.95
,,,1.96
,,,2.0
,,,2.03
,,,2.25
,,,2.45
,,,2.64
,,,3.38
,,,3.31
,,,2.79
,,,2.55
,,,3.05
,,,3.31
,,,3.12
,,,2.98
,,,2.67
,,,2.93
6.5,16485.35,2.922213,2.92
,,,3.03
,,,3.12
,,,2.94
,,,2.68
,,,3.04
,,,3.24
,,,3.64
,,,
,,,3.74
,,,3.82
,,,3.53
,,,3.15
,,,2.67
,,,2.66
,,,2.6
,,,2.65
,,,2.87
,,,2.95
,,,3.12
,,,3.31
,,,3.59
,,,3.55
6.8,,2.777101,
,,,3.47
,,,3.33
,,,3.33
,,,3.43
,,,3.52
,,,3.53
,,,
,,,3.57
,,,3.62
,,,3.57
,,,3.56
,,,3.41
,,,3.31
,,,3.07
,,,3.18
,,,3.22
,,,3.01
,,,2.94
,,,
,,,2.92
7.3,,2.614507,2.65
,,,2.62
,,,2.65
,,,2.53
,,,2.65
,,,2.74
,,,2.64
,,,2.69
,,,2.63
,,,2.58
,,,2.5
,,,2.33
,,,2.15
,,,2.08
,,,2.11
,,,2.15
,,,2.16
,,,2.2
,,,
,,,2.13
,,,2.07
,,,2.01
,,,2.14
7.8,16298.262,2.535975,
,,,2.38
,,,2.35
,,,2.37
,,,2.41
,,,2.38
,,,2.36
,,,2.22
,,,2.22
,,,2.12
,,,2.12
,,,2.24
,,,
,,,2.27
,,,2.45
,,,2.52
,,,2.54
,,,2.56
,,,2.46
,,,2.52
,,,2.64
,,,2.63
8.3,,2.54257,
,,,2.49
,,,2.57
,,,2.65
,,,2.66
,,,2.77
,,,2.75
,,,2.59
,,,2.48
,,,2.46
,,,2.6
,,,
,,,2.32
,,,2.43
,,,2.55
,,,2.51
,,,2.49
,,,2.48
,,,2.65
,,,2.71
,,,2.76
8.7,,2.437701,
,,,2.63
,,,2.66
,,,2.75
,,,2.63
,,,2.62
,,,2.66
,,,2.75
,,,2.72
,,,2.67
,,,2.69
,,,2.73
,,,2.78
,,,2.3
,,,2.41
,,,2.43
,,,2.46
,,,2.47
,,,2.62
,,,2.61
,,,2.64
,,,2.55
,,,2.5
9.0,16269.145,2.359914,2.46
,,,2.55
,,,2.7
,,,2.75
,,,2.73
,,,2.68
,,,2.78
,,,
,,,2.7
,,,2.63
,,,2.67
,,,2.73
,,,2.84
,,,2.74
,,,2.79
,,,2.84
,,,2.86
,,,2.93
,,,2.82
,,,2.92
,,,3.01
,,,3.02
9.4,,2.273815,3.05
,,,3.0
,,,3.01
,,,2.99
,,,3.11
,,,3.1
,,,2.98
,,,2.98
,,,2.94
,,,2.94
,,,2.97
,,,3.03
,,,3.07
,,,3.01
,,,3.16
,,,3.27
,,,
,,,3.32
,,,3.54
,,,3.52
,,,3.33
9.5,,2.078063,3.58
,,,3.51
,,,3.42
,,,3.58
,,,3.64
,,,3.72
,,,3.67
,,,3.8
,,,3.69
,,,3.62
,,,3.59
,,,3.5
,,,3.51
,,,3.68
,,,3.6
,,,3.52
,,,3.45
,,,3.53
,,,3.37
,,,3.32
,,,3.31
,,,3.34
9.5,16326.281,1.910212,3.38
,,,3.34
,,,
,,,3.33
,,,3.28
,,,3.15
,,,3.25
,,,3.14
,,,3.2
,,,3.32
,,,3.45
,,,3.4
,,,3.5
,,,3.42
,,,3.31
,,,3.39
,,,3.53
,,,3.52
,,,3.56
,,,3.53
,,,3.5
,,,3.49
,,,3.34
9.6,,1.757047,
,,,3.47
,,,3.52
,,,3.62
,,,3.62
,,,3.7
,,,3.61
,,,3.53
,,,3.55
,,,3.42
,,,3.37
,,,3.3
,,,3.33
,,,3.28
,,,3.25
,,,3.39
,,,3.31
,,,3.28
,,,3.29
,,,3.32
,,,3.31
,,,3.25
9.8,,1.602846,3.24
,,,3.15
,,,3.18
,,,3.31
,,,
,,,3.33
,,,3.34
,,,3.22
,,,3.2
,,,3.28
,,,3.34
,,,3.38
,,,3.32
,,,3.41
,,,3.38
,,,3.35
,,,3.33
,,,3.3
,,,3.24
,,,3.2
,,,3.18
,,,3.17
10.0,16502.754,1.509202,3.11
,,,3.14
,,,3.16
,,,3.19
,,,3.12
,,,3.21
,,,3.33
,,,
,,,3.27
,,,3.38
,,,3.42
,,,3.36
,,,3.33
,,,3.27
,,,3.35
,,,3.38
,,,3.44
,,,3.51
,,,3.41
,,,3.37
,,,3.47
,,,3.36
9.9,,1.361569,
,,,3.39
,,,3.44
,,,3.52
,,,3.53
,,,3.48
,,,3.45
,,,3.43
,,,
,,,3.38
,,,3.37
,,,3.26
,,,3.27
,,,3.32
,,,3.33
,,,3.34
,,,3.32
,,,3.27
,,,3.23
,,,
,,,3.18
,,,3.15
9.9,,1.318775,3.22
,,,3.27
,,,3.33
,,,3.42
,,,3.4
,,,3.37
,,,3.42
,,,3.47
,,,3.52
,,,3.52
,,,3.55
,,,3.57
,,,3.46
,,,3.5
,,,3.61
,,,3.68
,,,3.7
,,,3.77
,,,
,,,3.74
,,,3.72
,,,3.75
,,,3.79
9.8,16582.71,1.170764,
,,,3.77
,,,3.7
,,,3.79
,,,3.8
,,,3.78
,,,3.81
,,,3.69
,,,3.74
,,,3.71
,,,3.64
,,,
,,,3.67
,,,3.63
,,,3.56
,,,3.56
,,,3.6
,,,3.58
,,,3.58
,,,3.6
,,,3.55
9.8,,1.048684,3.58
,,,3.57
,,,3.63
,,,3.53
,,,3.49
,,,3.5
,,,3.55
,,,3.61
,,,3.62
,,,3.59
,,,
,,,3.56
,,,3.64
,,,3.69
,,,3.67
,,,3.69
,,,3.57
,,,3.58
,,,3.51
,,,3.48
9.9,,0.9255024,3.48
,,,3.48
,,,3.49
,,,3.47
,,,3.54
,,,3.56
,,,3.55
,,,3.58
,,,3.57
,,,3.56
,,,3.54
,,,3.5
,,,3.5
,,,3.52
,,,3.54
,,,3.52
,,,3.55
,,,3.7
,,,3.77
,,,3.72
,,,3.73
,,,3.72
,,,3.68
9.9,16743.162,0.869413,3.73
,,,3.8
,,,3.83
,,,3.81
,,,3.72
,,,3.74
,,,3.74
,,,3.71
,,,3.68
,,,3.72
,,,3.7
,,,3.63
,,,3.67
,,,3.66
,,,3.62
,,,3.64
,,,3.68
,,,3.67
,,,3.55
,,,3.64
,,,3.59
,,,3.53
9.6,,0.793302,
,,,3.55
,,,3.47
,,,3.43
,,,3.3
,,,3.32
,,,3.41
,,,3.4
,,,3.4
,,,3.39
,,,3.28
,,,3.31
,,,3.21
,,,3.19
,,,3.08
,,,3.03
,,,3.06
,,,3.01
,,,3.04
,,,3.17
,,,3.15
,,,
9.4,,0.7780127,3.13
,,,3.19
,,,3.25
,,,3.06
,,,3.05
,,,3.06
,,,3.1
,,,3.23
,,,3.16
,,,3.21
,,,3.23
,,,3.17
,,,3.12
,,,3.13
,,,3.14
,,,3.05
,,,3.0
,,,3.01
,,,2.99
,,,2.88
,,,2.82
,,,2.79
9.4,16872.266,0.7440706,2.79
,,,2.83
,,,
,,,2.78
,,,2.84
,,,2.89
,,,2.91
,,,2.92
,,,3.0
,,,2.92
,,,2.85
,,,2.81
,,,2.82
,,,2.82
,,,2.74
,,,2.8
,,,2.86
,,,2.87
,,,2.93
,,,2.88
,,,2.88
,,,2.79
9.5,,0.6911158,
,,,2.83
,,,2.78
,,,2.82
,,,2.79
,,,2.71
,,,2.71
,,,2.64
,,,2.57
,,,2.58
,,,2.53
,,,2.42
,,,2.47
,,,2.48
,,,2.42
,,,2.47
,,,2.44
,,,2.34
,,,2.38
,,,2.34
,,,2.51
,,,2.4
,,,2.33
9.5,,0.6638685,2.45
,,,2.49
,,,2.58
,,,
,,,2.47
,,,2.52
,,,2.63
,,,2.67
,,,2.59
,,,2.53
,,,2.59
,,,2.61
,,,2.59
,,,2.55
,,,2.44
,,,2.4
,,,2.4
,,,2.47
,,,2.38
,,,2.32
,,,2.36
,,,2.37
9.4,16960.864,0.6723344,2.38
,,,2.37
,,,2.38
,,,2.28
,,,2.28
,,,2.29
,,,
,,,2.31
,,,2.33
,,,2.38
,,,2.45
,,,2.37
,,,2.36
,,,2.37
,,,2.44
,,,2.46
,,,2.45
,,,2.53
,,,2.61
,,,2.56
,,,2.51
9.8,,0.8233069,2.53
,,,2.5
,,,2.54
,,,2.4
,,,2.45
,,,2.47
,,,2.59
,,,2.52
,,,
,,,2.63
,,,2.78
,,,2.7
,,,2.75
,,,2.75
,,,2.74
,,,2.65
,,,2.62
,,,2.77
,,,
,,,2.71
,,,2.66
,,,2.64
9.3,,0.8307821,2.81
,,,2.85
,,,2.89
,,,2.8
,,,3.01
,,,3.11
,,,3.09
,,,3.19
,,,3.14
,,,3.34
,,,3.39
,,,3.34
,,,3.22
,,,3.22
,,,3.21
,,,3.22
,,,3.27
,,,
,,,3.19
,,,3.35
,,,3.22
,,,3.26
,,,3.18
9.1,16920.632,0.9539952,
,,,3.21
,,,3.22
,,,3.36
,,,3.29
,,,3.2
,,,3.17
,,,3.22
,,,3.25
,,,3.19
,,,3.2
,,,
,,,3.23
,,,3.21
,,,3.31
,,,3.28
,,,3.27
,,,3.19
,,,3.29
,,,3.27
,,,3.21
,,,3.27
9.0,,1.117829,3.33
,,,3.36
,,,3.44
,,,3.53
,,,3.52
,,,3.6
,,,3.51
,,,3.58
,,,3.52
,,,3.49
,,,3.48
,,,3.5
,,,3.49
,,,3.49
,,,
,,,3.34
,,,3.37
,,,3.33
,,,3.29
,,,3.27
9.0,,1.179972,3.27
,,,3.33
,,,3.45
,,,3.37
,,,3.4
,,,3.45
,,,3.38
,,,3.29
,,,3.32
,,,3.27
,,,3.23
,,,3.12
,,,3.17
,,,3.21
,,,3.24
,,,3.24
,,,3.27
,,,3.33
,,,3.37
,,,3.36
,,,3.4
,,,3.37
,,,3.38
9.1,17035.114,1.210295,3.39
,,,3.39
,,,3.43
,,,3.5
,,,3.54
,,,3.55
,,,3.54
,,,3.47
,,,3.43
,,,3.44
,,,3.36
,,,3.33
,,,3.33
,,,3.37
,,,3.36
,,,
,,,3.32
,,,3.27
,,,3.33
,,,3.3
,,,3.28
9.0,,1.256079,
,,,3.26
,,,3.25
,,,3.22
,,,3.16
,,,3.17
,,,3.14
,,,3.2
,,,3.16
,,,3.2
,,,3.15
,,,3.11
,,,3.08
,,,3.13
,,,3.12
,,,3.1
,,,3.07
,,,3.06
,,,3.07
,,,3.02
,,,3.02
,,,
,,,2.99
9.1,,1.29395,2.91
,,,3.0
,,,2.95
,,,2.96
,,,2.96
,,,2.94
,,,2.96
,,,2.94
,,,2.95
,,,3.06
,,,2.93
,,,2.88
,,,2.9
,,,2.94
,,,2.96
,,,2.99
,,,2.92
,,,2.86
,,,2.93
,,,3.02
,,,3.12
,,,3.15
9.0,17031.313,1.41844,3.2
,,,
,,,3.14
,,,3.11
,,,3.14
,,,3.0
,,,2.91
,,,2.89
,,,2.91
,,,2.97
,,,2.92
,,,2.92
,,,2.88
,,,2.94
,,,2.98
,,,2.94
,,,2.98
,,,2.92
,,,2.93
,,,2.91
,,,2.72
9.0,,1.651442,2.67
,,,2.6
,,,2.62
,,,2.45
,,,2.57
,,,2.35
,,,2.17
,,,2.15
,,,2.31
,,,2.22
,,,2.27
,,,2.2
,,,2.16
,,,2.07
,,,2.05
,,,2.09
,,,2.14
,,,2.27
,,,2.22
,,,2.18
,,,2.26
,,,2.18
,,,2.21
9.0,,1.721515,2.13
,,,2.0
,,,
,,,1.96
,,,2.03
,,,1.98
,,,1.92
,,,1.93
,,,1.99
,,,2.02
,,,2.08
,,,2.07
,,,1.96
,,,1.94
,,,1.87
,,,1.72
,,,1.83
,,,1.89
,,,1.99
,,,2.01
,,,1.97
,,,1.9
8.8,17222.583,1.835844,
,,,1.78
,,,1.8
,,,1.92
,,,2.0
,,,2.09
,,,
,,,2.16
,,,2.22
,,,2.17
,,,2.24
,,,2.14
,,,2.15
,,,2.15
,,,2.17
,,,2.21
,,,2.23
,,,2.13
,,,2.21
,,,2.4
,,,2.33
,,,2.16
8.6,,1.835434,2.0
,,,2.02
,,,2.08
,,,2.05
,,,2.03
,,,2.09
,,,1.99
,,,2.03
,,,
,,,2.03
,,,2.05
,,,2.0
,,,1.94
,,,2.0
,,,1.95
,,,1.92
,,,1.87
,,,
,,,1.95
,,,1.94
,,,1.98
,,,2.07
8.5,,2.045078,2.1
,,,2.03
,,,2.03
,,,2.07
,,,2.0
,,,1.98
,,,2.06
,,,2.02
,,,1.95
,,,1.91
,,,1.92
,,,1.86
,,,1.81
,,,1.93
,,,1.97
,,,1.96
,,,2.02
,,,
,,,2.0
,,,1.92
,,,1.89
,,,1.87
8.3,17367.01,2.113351,
,,,
,,,1.95
,,,1.98
,,,2.0
,,,1.96
,,,1.97
,,,1.98
,,,1.91
,,,1.91
,,,1.86
,,,
,,,1.84
,,,1.89
,,,1.96
,,,2.0
,,,2.05
,,,2.04
,,,1.97
,,,1.91
,,,1.87
,,,1.82
,,,1.77
8.3,,2.01608,1.81
,,,1.78
,,,1.89
,,,1.85
,,,1.92
,,,1.92
,,,1.95
,,,1.87
,,,1.88
,,,1.8
,,,1.82
,,,1.89
,,,1.92
,,,
,,,1.97
,,,1.92
,,,1.9
,,,1.88
,,,1.8
,,,1.84
,,,1.9
8.2,,2.122799,1.95
,,,1.92
,,,1.92
,,,1.88
,,,1.9
,,,1.95
,,,1.95
,,,1.95
,,,2.06
,,,2.2
,,,2.21
,,,2.22
,,,2.29
,,,2.28
,,,2.22
,,,2.21
,,,2.17
,,,2.17
,,,2.11
,,,2.12
,,,2.11
,,,2.16
8.2,17444.525,2.191796,
,,,2.14
,,,2.22
,,,2.17
,,,2.11
,,,2.0
,,,1.97
,,,1.92
,,,1.96
,,,1.99
,,,1.93
,,,1.92
,,,1.95
,,,1.93
,,,1.91
,,,1.91
,,,1.88
,,,1.91
,,,1.92
,,,1.89
,,,1.87
,,,1.85
8.2,,2.188203,1.89
,,,1.88
,,,1.87
,,,1.84
,,,1.82
,,,1.79
,,,1.78
,,,1.79
,,,1.74
,,,1.68
,,,1.67
,,,1.66
,,,1.6
,,,1.63
,,,1.66
,,,1.7
,,,1.64
,,,1.67
,,,1.66
,,,
,,,1.65
,,,1.56
,,,1.52
8.2,,2.238927,1.4
,,,1.45
,,,1.49
,,,1.57
,,,1.57
,,,1.56
,,,1.51
,,,1.57
,,,1.51
,,,1.53
,,,1.51
,,,1.49
,,,1.55
,,,1.56
,,,1.54
,,,1.6
,,,1.53
,,,1.56
,,,1.56
,,,1.51
,,,1.58
8.2,17469.65,2.260479,
,,,1.51
,,,1.56
,,,
,,,1.54
,,,1.49
,,,1.44
,,,1.44
,,,1.44
,,,1.4
,,,1.42
,,,1.4
,,,1.43
,,,1.43
,,,1.45
,,,1.4
,,,1.37
,,,1.34
,,,1.33
,,,1.34
,,,1.47
,,,1.42
,,,1.4
8.1,,2.17107,1.46
,,,1.42
,,,1.51
,,,1.49
,,,1.55
,,,1.57
,,,1.58
,,,1.55
,,,1.54
,,,1.62
,,,1.71
,,,1.74
,,,1.72
,,,1.71
,,,1.69
,,,1.6
,,,1.57
,,,1.58
,,,1.54
,,,1.54
,,,1.54
,,,1.53
,,,1.48
7.8,,2.219253,
,,,
,,,1.49
,,,1.49
,,,1.57
,,,1.56
,,,1.58
,,,1.6
,,,1.67
,,,1.65
,,,1.77
,,,1.74
,,,1.72
,,,1.68
,,,1.69
,,,1.66
,,,1.63
,,,1.59
,,,1.53
,,,1.57
,,,1.55
7.8,17489.852,2.206525,1.55
,,,1.55
,,,1.55
,,,1.6
,,,1.64
,,,
,,,1.64
,,,1.62
,,,1.6
,,,1.58
,,,1.59
,,,1.66
,,,1.72
,,,1.76
,,,1.69
,,,1.73
,,,1.68
,,,1.69
,,,1.75
,,,1.66
,,,1.6
,,,
,,,1.61
7.7,,2.195661,1.66
,,,1.66
,,,1.61
,,,1.68
,,,1.58
,,,1.52
,,,1.52
,,,
,,,1.48
,,,1.49
,,,1.5
,,,1.52
,,,1.52
,,,1.58
,,,1.59
,,,
,,,1.6
,,,1.56
,,,1.54
,,,1.53
,,,1.53
,,,1.54
7.9,,2.107127,
,,,1.53
,,,1.52
,,,1.5
,,,1.49
,,,1.55
,,,1.54
,,,1.58
,,,1.65
,,,1.68
,,,1.68
,,,1.73
,,,1.78
,,,1.77
,,,1.75
,,,1.71
,,,1.73
,,,
,,,1.68
,,,1.66
,,,1.72
,,,1.73
8.0,17662.4,2.065935,
,,,1.78
,,,1.84
,,,1.86
,,,1.85
,,,1.82
,,,1.82
,,,1.85
,,,1.82
,,,1.81
,,,1.77
,,,1.76
,,,1.82
,,,1.79
,,,
,,,1.78
,,,1.78
,,,1.8
,,,1.9
,,,1.93
,,,1.96
,,,1.96
,,,1.95
7.7,,2.143683,1.98
,,,1.93
,,,1.97
,,,1.93
,,,1.92
,,,1.92
,,,1.9
,,,1.93
,,,1.95
,,,1.89
,,,1.91
,,,
,,,1.91
,,,1.9
,,,1.86
,,,1.84
,,,1.76
,,,1.74
,,,1.8
,,,1.78
7.5,,2.096923,1.75
,,,1.77
,,,1.82
,,,1.85
,,,1.9
,,,1.96
,,,1.97
,,,1.93
,,,1.95
,,,1.94
,,,1.92
,,,1.89
,,,1.85
,,,1.89
,,,1.88
,,,1.86
,,,1.85
,,,1.85
,,,1.78
,,,1.8
,,,
7.6,17709.671,1.932255,1.78
,,,1.81
,,,1.77
,,,1.71
,,,1.65
,,,1.69
,,,1.72
,,,1.77
,,,1.75
,,,1.69
,,,1.66
,,,1.69
,,,1.67
,,,1.67
,,,1.68
,,,1.67
,,,1.69
,,,1.67
,,,1.69
,,,1.65
,,,1.65
,,,1.65
7.5,,1.905048,1.6
,,,1.61
,,,1.73
,,,1.76
,,,1.78
,,,1.77
,,,1.77
,,,1.86
,,,1.87
,,,1.91
,,,1.9
,,,1.84
,,,1.91
,,,1.92
,,,1.9
,,,1.99
,,,1.97
,,,1.97
,,,
,,,2.1
,,,2.08
,,,2.09
,,,2.12
7.5,,1.874046,
,,,2.08
,,,2.1
,,,2.05
,,,2.03
,,,2.13
,,,2.17
,,,2.15
,,,2.2
,,,2.14
,,,2.09
,,,2.14
,,,2.15
,,,2.28
,,,2.36
,,,2.47
,,,2.51
,,,2.54
,,,2.49
,,,2.43
,,,2.48
7.3,17860.45,1.865294,2.46
,,,2.45
,,,2.47
,,,
,,,2.69
,,,2.6
,,,2.61
,,,2.66
,,,2.56
,,,2.57
,,,2.53
,,,2.52
,,,2.49
,,,2.53
,,,2.47
,,,2.46
,,,2.51
,,,2.58
,,,2.59
,,,2.55
,,,2.58
,,,2.59
,,,2.56
7.2,,1.911745,2.7
,,,2.59
,,,2.62
,,,2.63
,,,2.56
,,,2.53
,,,2.52
,,,2.55
,,,2.65
,,,2.66
,,,2.72
,,,2.79
,,,2.82
,,,2.78
,,,2.83
,,,2.87
,,,2.79
,,,2.75
,,,2.67
,,,2.75
,,,2.73
,,,2.75
7.2,,1.888205,
,,,
,,,2.84
,,,2.88
,,,2.96
,,,2.92
,,,2.88
,,,2.94
,,,2.91
,,,2.91
,,,2.89
,,,2.86
,,,2.85
,,,2.68
,,,2.75
,,,2.74
,,,2.7
,,,2.65
,,,2.61
,,,2.66
,,,2.62
,,,2.62
7.2,18016.147,1.866698,2.64
,,,2.61
,,,2.59
,,,2.63
,,,2.62
,,,2.61
,,,2.63
,,,2.66
,,,2.62
,,,
,,,2.61
,,,2.59
,,,2.56
,,,2.56
,,,2.59
,,,2.5
,,,2.47
,,,2.5
,,,2.49
,,,2.5
,,,2.49
,,,2.51
,,,2.53
6.9,,1.890963,2.61
,,,2.58
,,,2.64
,,,2.62
,,,2.58
,,,2.71
,,,
,,,2.72
,,,2.67
,,,2.61
,,,2.63
,,,2.58
,,,2.63
,,,2.72
,,,2.72
,,,2.68
,,,2.66
,,,2.64
,,,2.67
,,,
,,,2.69
6.7,,1.872378,
,,,2.76
,,,2.73
,,,2.78
,,,2.82
,,,2.82
,,,2.79
,,,2.74
,,,2.79
,,,2.82
,,,2.81
,,,2.82
,,,2.78
,,,2.82
,,,2.88
,,,2.82
,,,2.87
,,,2.92
,,,
,,,2.93
,,,2.95
,,,2.92
,,,2.97
6.6,17953.974,1.821944,
,,,2.93
,,,2.94
,,,2.93
,,,2.92
,,,2.96
,,,2.93
,,,2.83
,,,2.81
,,,2.84
,,,2.86
,,,2.82
,,,2.79
,,,
,,,2.81
,,,2.83
,,,2.75
,,,2.71
,,,2.73
,,,2.72
,,,2.65
,,,2.7
,,,2.65
6.7,,1.789204,
,,,2.56
,,,2.58
,,,2.63
,,,2.66
,,,2.63
,,,2.63
,,,2.7
,,,2.75
,,,2.7
,,,2.73
,,,
,,,2.66
,,,2.67
,,,2.71
,,,2.68
,,,2.7
,,,2.65
,,,2.62
,,,2.61
,,,2.61
6.7,,1.821445,
,,,2.55
,,,2.65
,,,2.64
,,,2.69
,,,2.74
,,,2.74
,,,2.72
,,,2.68
,,,2.61
,,,2.6
,,,2.64
,,,2.63
,,,2.72
,,,2.73
,,,2.69
,,,2.68
,,,2.7
,,,2.66
,,,2.65
,,,2.69
,,,2.68
6.2,18185.911,2.025724,2.73
,,,2.8
,,,2.78
,,,2.71
,,,2.68
,,,2.66
,,,2.67
,,,2.61
,,,2.59
,,,2.61
,,,2.6
,,,2.61
,,,2.7
,,,
,,,2.69
,,,2.7
,,,2.68
,,,2.69
,,,2.65
,,,2.67
,,,2.69
,,,2.64
6.3,,2.127518,2.6
,,,2.58
,,,2.6
,,,2.58
,,,2.59
,,,2.58
,,,2.59
,,,2.63
,,,2.58
,,,2.51
,,,2.47
,,,2.49
,,,2.51
,,,2.49
,,,2.5
,,,2.53
,,,2.5
,,,
,,,2.48
,,,2.4
,,,2.41
,,,2.44
6.1,,2.142724,
,,,2.5
,,,2.56
,,,2.57
,,,2.55
,,,2.56
,,,2.58
,,,2.6
,,,2.61
,,,2.54
,,,2.56
,,,2.57
,,,2.62
,,,2.58
,,,2.62
,,,2.61
,,,2.6
,,,2.56
,,,2.54
,,,2.49
,,,2.51
,,,2.49
6.2,18406.941,2.098319,2.56
,,,2.62
,,,2.64
,,,
,,,2.59
,,,2.55
,,,2.54
,,,2.53
,,,2.51
,,,2.52
,,,2.54
,,,2.53
,,,2.45
,,,2.48
,,,2.46
,,,2.45
,,,2.45
,,,2.49
,,,2.45
,,,2.46
,,,2.45
,,,2.53
,,,2.55
6.1,,1.959017,2.49
,,,2.47
,,,2.46
,,,2.46
,,,2.4
,,,2.41
,,,2.4
,,,2.43
,,,2.39
,,,2.36
,,,2.31
,,,2.36
,,,2.37
,,,2.39
,,,2.39
,,,2.37
,,,2.35
,,,2.36
,,,2.33
,,,2.31
,,,2.32
5.9,,1.95017,
,,,2.39
,,,2.38
,,,2.42
,,,2.43
,,,2.46
,,,2.48
,,,2.52
,,,2.52
,,,2.6
,,,2.58
,,,2.58
,,,2.6
,,,2.61
,,,2.57
,,,2.56
,,,2.53
,,,2.55
,,,2.51
,,,2.53
,,,2.48
,,,2.5
5.7,18500.031,2.001463,2.4
,,,2.43
,,,2.44
,,,2.41
,,,2.34
,,,2.34
,,,2.33
,,,2.3
,,,
,,,2.19
,,,2.13
,,,2.14
,,,2.2
,,,2.18
,,,2.21
,,,2.23
,,,2.28
,,,2.28
,,,2.25
,,,2.28
,,,2.31
,,,2.31
,,,2.34
5.8,,1.999147,
,,,2.34
,,,2.32
,,,2.33
,,,2.36
,,,2.29
,,,2.36
,,,
,,,2.35
,,,2.33
,,,2.3
,,,2.31
,,,2.3
,,,2.35
,,,2.32
,,,2.3
,,,2.28
,,,2.25
,,,2.22
,,,
,,,2.16
5.6,,1.961226,2.19
,,,2.25
,,,2.28
,,,2.23
,,,2.29
,,,2.23
,,,2.18
,,,2.15
,,,2.16
,,,2.08
,,,2.08
,,,2.04
,,,2.11
,,,2.18
,,,2.13
,,,2.12
,,,2.23
,,,2.26
,,,
,,,2.24
,,,2.19
,,,2.17
,,,2.13
5.7,18666.621,1.976365,
,,,2.1
,,,2.01
,,,1.94
,,,1.93
,,,2.0
,,,1.96
,,,1.89
,,,1.88
,,,1.82
,,,1.74
,,,1.8
,,,
,,,1.79
,,,1.84
,,,1.87
,,,1.79
,,,1.8
,,,1.81
,,,1.71
,,,1.74
,,,1.66
5.5,,1.972517,
,,,1.66
,,,1.77
,,,1.8
,,,1.81
,,,1.93
,,,1.95
,,,2.0
,,,1.99
,,,1.97
,,,2.01
,,,
,,,2.12
,,,2.05
,,,2.09
,,,2.11
,,,2.04
,,,1.97
,,,1.94
,,,2.0
,,,1.98
5.4,,1.989606,
,,,2.06
,,,2.1
,,,2.11
,,,2.09
,,,2.23
,,,2.18
,,,2.12
,,,2.08
,,,2.07
,,,2.1
,,,2.05
,,,2.01
,,,1.9
,,,1.95
,,,1.92
,,,1.89
,,,1.86
,,,1.89
,,,1.98
,,,1.91
,,,1.92
,,,1.91
5.4,18782.243,2.05371,1.84
,,,1.9
,,,1.83
,,,1.89
,,,1.87
,,,1.89
,,,1.94
,,,1.94
,,,1.91
,,,1.88
,,,1.89
,,,1.88
,,,1.86
,,,1.87
,,,1.89
,,,1.96
,,,1.93
,,,1.9
,,,1.92
,,,1.98
,,,2.05
,,,2.04
5.6,,2.056561,2.11
,,,2.14
,,,2.18
,,,2.23
,,,2.17
,,,2.15
,,,2.26
,,,2.25
,,,2.25
,,,2.22
,,,2.12
,,,2.21
,,,2.25
,,,2.24
,,,2.17
,,,2.19
,,,
,,,2.12
,,,2.13
,,,2.12
,,,2.11
5.3,,2.103732,2.17
,,,2.26
,,,2.36
,,,2.29
,,,2.38
,,,2.37
,,,2.4
,,,2.48
,,,2.38
,,,2.37
,,,2.34
,,,2.31
,,,2.31
,,,2.34
,,,2.25
,,,2.36
,,,2.41
,,,2.37
,,,2.39
,,,2.48
,,,2.31
,,,2.34
5.2,18857.418,2.130475,2.42
,,,2.39
,,,
,,,2.28
,,,2.25
,,,2.2
,,,2.29
,,,2.41
,,,2.42
,,,2.4
,,,2.34
,,,2.34
,,,2.31
,,,2.34
,,,2.32
,,,2.29
,,,2.25
,,,2.23
,,,2.18
,,,2.21
,,,2.23
,,,2.21
,,,2.12
5.1,,2.169207,
,,,2.08
,,,2.15
,,,2.2
,,,2.19
,,,2.12
,,,2.12
,,,2.05
,,,2.04
,,,2.09
,,,2.11
,,,2.06
,,,2.13
,,,2.07
,,,2.07
,,,2.02
,,,1.95
,,,2.05
,,,2.12
,,,2.12
,,,2.13
,,,2.13
5.0,,2.268536,2.14
,,,2.17
,,,2.16
,,,2.11
,,,
,,,2.14
,,,2.18
,,,2.21
,,,2.16
,,,2.11
,,,2.21
,,,2.24
,,,2.2
,,,2.13
,,,2.19
,,,2.14
,,,2.15
,,,2.12
,,,2.17
,,,2.09
,,,2.04
,,,2.06
5.0,18892.206,2.335492,2.05
,,,1.99
,,,2.06
,,,2.05
,,,2.08
,,,2.12
,,,2.11
,,,
,,,2.05
,,,1.99
,,,2.03
,,,2.03
,,,2.02
,,,2.06
,,,2.03
,,,2.04
,,,2.08
,,,2.05
,,,2.02
,,,2.06
,,,2.12
,,,2.08
5.1,,2.394625,
,,,2.12
,,,2.17
,,,2.2
,,,2.21
,,,2.26
,,,2.22
,,,2.19
,,,
,,,2.18
,,,2.14
,,,2.12
,,,2.11
,,,2.15
,,,2.13
,,,2.14
,,,2.11
,,,2.08
,,,2.04
,,,
,,,2.04
,,,1.99
5.0,,2.437497,1.94
,,,1.97
,,,2.12
,,,2.05
,,,1.94
,,,1.97
,,,1.96
,,,2.0
,,,1.9
,,,1.97
,,,2.03
,,,2.03
,,,2.01
,,,2.0
,,,1.96
,,,2.03
,,,2.07
,,,2.05
,,,
,,,2.01
,,,2.09
,,,2.1
,,,2.11
4.8,19001.69,2.460879,
,,,2.02
,,,2.05
,,,1.97
,,,1.96
,,,1.93
,,,1.96
,,,1.91
,,,1.86
,,,1.85
,,,1.79
,,,
,,,1.8
,,,1.75
,,,1.74
,,,1.76
,,,1.72
,,,1.7
,,,1.7
,,,1.65
,,,1.61
4.9,,2.538253,1.62
,,,1.53
,,,1.55
,,,1.58
,,,1.56
,,,1.43
,,,1.44
,,,1.4
,,,1.35
,,,1.44
,,,
,,,1.48
,,,1.51
,,,1.45
,,,1.45
,,,1.44
,,,1.42
,,,1.42
,,,1.39
,,,1.43
,,,1.41
5.0,,2.526214,1.5
,,,1.48
,,,1.55
,,,1.59
,,,1.59
,,,1.54
,,,1.6
,,,1.61
,,,1.65
,,,1.63
,,,1.63
,,,1.63
,,,1.62
,,,1.58
,,,1.61
,,,1.64
,,,1.58
,,,1.61
,,,
,,,1.6
,,,1.58
,,,1.63
,,,1.57
5.1,19062.709,2.53143,1.56
,,,1.55
,,,1.5
,,,1.53
,,,1.47
,,,1.49
,,,1.5
,,,1.57
,,,1.54
,,,1.58
,,,1.54
,,,1.56
,,,1.58
,,,1.62
,,,1.65
,,,1.66
,,,1.66
,,,1.7
,,,1.63
,,,1.62
,,,1.61
4.8,,2.565678,
,,,1.66
,,,1.6
,,,1.6
,,,1.56
,,,1.6
,,,1.53
,,,1.53
,,,1.47
,,,1.48
,,,1.42
,,,1.47
,,,1.48
,,,1.57
,,,1.54
,,,1.52
,,,1.49
,,,1.51
,,,1.54
,,,1.52
,,,1.53
,,,
,,,1.5
4.9,,2.563629,1.55
,,,1.52
,,,1.41
,,,1.45
,,,1.44
,,,1.47
,,,1.42
,,,1.38
,,,1.35
,,,1.35
,,,1.34
,,,1.3
,,,1.35
,,,1.39
,,,1.44
,,,1.42
,,,1.43
,,,1.3
,,,1.19
,,,1.2
,,,1.24
,,,1.23
4.8,19197.938,2.569655,1.18
,,,
,,,1.09
,,,1.11
,,,1.11
,,,1.09
,,,1.12
,,,1.24
,,,1.17
,,,1.21
,,,1.28
,,,1.27
,,,1.25
,,,1.27
,,,1.25
,,,1.24
,,,1.26
,,,1.26
,,,1.21
,,,1.27
,,,1.18
4.9,,2.716347,1.22
,,,1.26
,,,1.27
,,,1.25
,,,1.31
,,,1.28
,,,1.26
,,,1.22
,,,1.29
,,,1.22
,,,1.24
,,,1.3
,,,1.26
,,,1.23
,,,1.28
,,,1.26
,,,1.25
,,,1.25
,,,1.25
,,,1.28
,,,1.24
,,,1.24
,,,1.25
5.0,,2.624799,1.24
,,,1.27
,,,
,,,1.23
,,,1.2
,,,1.26
,,,1.32
,,,1.31
,,,1.37
,,,1.37
,,,1.42
,,,1.4
,,,1.4
,,,1.39
,,,1.44
,,,1.45
,,,1.44
,,,1.34
,,,1.3
,,,1.3
,,,1.3
,,,1.31
4.9,19304.352,2.502268,
,,,1.31
,,,1.36
,,,1.4
,,,1.42
,,,1.4
,,,
,,,1.42
,,,1.42
,,,1.45
,,,1.48
,,,1.43
,,,1.41
,,,1.41
,,,1.41
,,,1.4
,,,1.44
,,,1.43
,,,1.46
,,,1.55
,,,1.56
,,,1.5
4.7,,2.518564,1.48
,,,1.44
,,,1.44
,,,1.41
,,,1.42
,,,1.45
,,,1.62
,,,1.67
,,,
,,,1.68
,,,1.72
,,,1.75
,,,1.85
,,,1.9
,,,1.87
,,,1.82
,,,1.85
,,,
,,,1.87
,,,1.84
,,,1.82
,,,1.89
4.7,,2.585286,1.97
,,,1.91
,,,1.9
,,,1.9
,,,1.82
,,,1.89
,,,1.93
,,,1.98
,,,1.94
,,,1.99
,,,2.09
,,,2.09
,,,2.02
,,,2.05
,,,2.03
,,,2.04
,,,2.03
,,,
,,,2.06
,,,1.98
,,,2.02
,,,1.94
4.7,19398.343,2.651739,
,,,
,,,1.92
,,,1.93
,,,1.85
,,,1.89
,,,1.88
,,,1.86
,,,1.86
,,,1.84
,,,1.87
,,,
,,,1.78
,,,1.89
,,,1.95
,,,1.98
,,,1.9
,,,1.96
,,,2.03
,,,2.0
,,,1.97
,,,1.98
,,,1.93
4.6,,2.664566,1.97
,,,1.96
,,,1.98
,,,1.89
,,,1.87
,,,1.8
,,,1.86
,,,1.86
,,,1.91
,,,1.93
,,,1.97
,,,1.92
,,,1.89
,,,
,,,1.9
,,,1.9
,,,1.87
,,,1.79
,,,1.86
,,,1.83
4.4,,2.436586,1.83
,,,1.82
,,,1.78
,,,1.75
,,,1.76
,,,1.84
,,,1.87
,,,1.83
,,,1.83
,,,1.82
,,,1.78
,,,1.8
,,,1.77
,,,1.71
,,,1.66
,,,1.63
,,,1.65
,,,1.62
,,,1.6
,,,1.64
,,,1.61
,,,1.64
,,,1.64
4.4,19506.949,2.235672,
,,,1.56
,,,1.57
,,,1.54
,,,1.55
,,,1.56
,,,1.55
,,,1.5
,,,1.47
,,,1.43
,,,
,,,1.43
,,,1.36
,,,1.4
,,,1.45
,,,1.45
,,,1.47
,,,1.53
,,,1.49
,,,1.49
,,,1.49
4.4,,2.139634,1.5
,,,1.47
,,,1.48
,,,1.5
,,,1.46
,,,1.48
,,,1.51
,,,1.51
,,,1.5
,,,1.45
,,,1.44
,,,1.43
,,,1.32
,,,1.3
,,,1.31
,,,1.32
,,,1.37
,,,1.33
,,,1.31
,,,1.31
,,,
,,,1.28
,,,1.23
4.3,,2.122109,1.23
,,,1.17
,,,1.22
,,,1.17
,,,1.18
,,,1.18
,,,1.2
,,,1.23
,,,1.21
,,,1.14
,,,1.14
,,,1.13
,,,1.17
,,,1.15
,,,1.17
,,,1.19
,,,1.18
,,,1.15
,,,1.21
,,,1.2
,,,1.23
,,,1.28
4.3,19660.766,2.131777,
,,,1.29
,,,
,,,1.28
,,,1.33
,,,1.34
,,,1.34
,,,1.32
,,,1.28
,,,1.3
,,,1.29
,,,1.24
,,,1.2
,,,1.16
,,,1.12
,,,1.08
,,,1.09
,,,1.15
,,,1.16
,,,1.21
,,,1.22
,,,1.23
4.4,,2.075047,1.18
,,,1.19
,,,1.16
,,,1.19
,,,1.24
,,,1.23
,,,1.18
,,,1.15
,,,1.16
,,,1.2
,,,1.23
,,,1.21
,,,1.19
,,,1.17
,,,1.18
,,,1.22
,,,1.17
,,,1.17
,,,1.14
,,,1.18
,,,1.1
,,,1.12
,,,1.11
4.3,,2.091354,1.14
,,,
,,,1.04
,,,1.03
,,,1.0
,,,1.02
,,,1.09
,,,1.14
,,,1.16
,,,1.15
,,,1.15
,,,1.18
,,,1.2
,,,1.24
,,,1.23
,,,1.23
,,,1.17
,,,1.18
,,,1.24
,,,1.25
,,,1.27
4.2,19882.352,2.177581,
,,,1.33
,,,1.26
,,,1.25
,,,1.28
,,,1.3
,,,
,,,1.27
,,,1.25
,,,1.24
,,,1.19
,,,1.2
,,,1.21
,,,1.25
,,,1.23
,,,1.28
,,,1.29
,,,1.3
,,,1.32
,,,1.35
,,,1.32
,,,1.25
,,,1.23
4.2,,2.099803,1.19
,,,1.18
,,,1.16
,,,1.13
,,,1.1
,,,1.09
,,,1.09
,,,1.17
,,,1.16
,,,1.12
,,,1.08
,,,1.1
,,,1.06
,,,1.07
,,,1.06
,,,1.03
,,,
,,,1.05
,,,1.05
,,,1.04
,,,1.08
,,,1.15
4.1,,2.117186,1.1
,,,1.08
,,,1.06
,,,1.03
,,,1.08
,,,1.1
,,,1.06
,,,1.06
,,,1.06
,,,1.03
,,,1.04
,,,1.01
,,,1.09
,,,1.11
,,,1.13
,,,1.15
,,,
,,,1.0
,,,0.98
,,,1.04
,,,1.01
4.0,20044.077,2.157823,
,,,1.02
,,,1.03
,,,1.05
,,,1.08
,,,1.04
,,,1.11
,,,1.13
,,,1.11
,,,1.12
,,,
,,,1.09
,,,1.13
,,,1.17
,,,1.2
,,,1.22
,,,1.19
,,,1.22
,,,1.21
,,,1.25
,,,1.26
,,,1.29
,,,1.26
4.1,,2.123101,1.3
,,,1.36
,,,1.26
,,,1.27
,,,1.29
,,,1.3
,,,1.28
,,,1.24
,,,1.24
,,,1.33
,,,1.32
,,,1.25
,,,
,,,1.22
,,,1.3
,,,1.29
,,,1.24
,,,1.2
,,,1.24
,,,1.22
4.0,,2.366925,1.18
,,,1.21
,,,1.18
,,,1.2
,,,1.21
,,,1.19
,,,1.23
,,,1.16
,,,1.11
,,,1.05
,,,1.05
,,,1.07
,,,1.05
,,,1.08
,,,1.15
,,,1.11
,,,1.08
,,,1.06
,,,1.01
,,,1.04
,,,1.01
,,,
4.0,20150.476,2.491592,
,,,0.96
,,,1.04
,,,1.08
,,,1.11
,,,1.04
,,,1.02
,,,1.06
,,,1.06
,,,1.08
,,,1.06
,,,1.04
,,,1.02
,,,1.06
,,,1.1
,,,1.15
,,,1.11
,,,1.13
,,,1.18
,,,1.18
,,,1.14
,,,1.08
3.8,,2.543212,1.12
,,,1.13
,,,1.1
,,,1.11
,,,1.09
,,,1.1
,,,1.12
,,,1.07
,,,1.05
,,,1.07
,,,1.16
,,,1.17
,,,1.19
,,,1.15
,,,1.13
,,,1.13
,,,1.09
,,,1.07
,,,1.03
,,,
,,,0.84
,,,0.9
,,,0.9
4.0,,2.551897,0.97
,,,1.0
,,,0.98
,,,1.02
,,,0.99
,,,1.0
,,,1.02
,,,1.04
,,,1.04
,,,1.0
,,,0.99
,,,0.98
,,,0.95
,,,0.99
,,,0.96
,,,0.97
,,,0.94
,,,0.95
,,,0.9
,,,0.91
,,,0.92
3.8,20276.154,2.518753,
,,,0.89
,,,0.85
,,,
,,,0.88
,,,0.85
,,,0.88
,,,0.88
,,,0.88
,,,0.87
,,,0.85
,,,0.84
,,,0.84
,,,0.88
,,,0.84
,,,0.9
,,,0.97
,,,0.93
,,,0.93
,,,0.99
,,,0.96
,,,0.94
,,,0.93
3.8,,2.432443,0.97
,,,0.96
,,,0.94
,,,0.89
,,,0.92
,,,0.9
,,,0.87
,,,0.82
,,,0.82
,,,0.81
,,,0.79
,,,0.8
,,,0.82
,,,0.76
,,,0.77
,,,0.73
,,,0.74
,,,0.73
,,,0.73
,,,0.75
,,,0.76
,,,0.75
,,,0.75
3.7,,2.462881,
,,,
,,,0.77
,,,0.76
,,,0.75
,,,0.8
,,,0.8
,,,0.83
,,,0.81
,,,0.82
,,,0.83
,,,0.83
,,,0.88
,,,0.92
,,,0.9
,,,0.89
,,,0.86
,,,0.89
,,,0.86
,,,0.88
,,,0.86
3.8,20304.874,2.415236,0.86
,,,0.82
,,,0.92
,,,0.97
,,,1.0
,,,
,,,0.96
,,,0.95
,,,0.87
,,,0.87
,,,0.85
,,,0.86
,,,0.88
,,,0.85
,,,0.89
,,,0.86
,,,0.84
,,,0.76
,,,0.8
,,,0.75
,,,0.74
,,,0.79
,,,0.81
3.8,,2.476418,0.82
,,,0.89
,,,0.84
,,,0.87
,,,0.85
,,,0.89
,,,0.83
,,,
,,,0.76
,,,0.74
,,,0.74
,,,0.72
,,,0.68
,,,0.67
,,,0.65
,,,
,,,0.64
,,,0.66
,,,0.65
,,,0.66
,,,0.66
,,,0.64
3.9,,2.456173,
,,,0.6
,,,0.49
,,,
,,,0.46
,,,0.45
,,,0.44
,,,0.48
,,,0.48
,,,0.48
,,,0.47
,,,0.46
,,,0.43
,,,0.37
,,,0.4
,,,0.4
,,,0.29
,,,
,,,0.37
,,,0.36
,,,0.32
,,,0.24
4.0,20415.15,2.375054,
,,,0.24
,,,0.15
,,,0.25
,,,0.25
,,,0.27
,,,0.29
,,,0.31
,,,0.28
,,,0.26
,,,0.27
,,,0.3
,,,0.33
,,,0.38
,,,
,,,0.31
,,,0.35
,,,0.35
,,,0.37
,,,0.33
,,,0.3
,,,0.28
,,,0.22
3.8,,2.375943,0.3
,,,0.31
,,,0.29
,,,0.28
,,,0.23
,,,0.2
,,,0.2
,,,0.25
,,,0.27
,,,0.23
,,,0.23
,,,
,,,0.2
,,,0.2
,,,0.24
,,,0.19
,,,0.2
,,,0.19
,,,0.24
,,,0.28
3.8,,2.356946,0.32
,,,0.26
,,,0.26
,,,0.22
,,,0.19
,,,0.16
,,,0.18
,,,0.15
,,,0.16
,,,0.18
,,,0.14
,,,0.16
,,,0.15
,,,0.06
,,,0.05
,,,-0.02
,,,-0.03
,,,-0.05
,,,-0.05
,,,-0.04
,,,0.01
3.7,20584.528,2.392773,0.06
,,,0.06
,,,0.08
,,,0.07
,,,0.06
,,,0.09
,,,0.09
,,,0.05
,,,0.08
,,,0.12
,,,0.12
,,,0.17
,,,0.15
,,,0.15
,,,
,,,0.15
,,,0.12
,,,0.09
,,,0.11
,,,0.09
,,,0.1
,,,0.08
3.6,,2.360903,0.09
,,,0.08
,,,0.11
,,,0.07
,,,0.02
,,,0.06
,,,0.02
,,,0.04
,,,-0.01
,,,0.01
,,,-0.05
,,,0.0
,,,0.0
,,,0.02
,,,0.04
,,,0.01
,,,-0.06
,,,-0.03
,,,
,,,-0.11
,,,-0.12
,,,-0.16
,,,-0.21
3.6,,2.392597,
,,,-0.28
,,,-0.23
,,,-0.23
,,,-0.21
,,,-0.19
,,,-0.14
,,,-0.12
,,,-0.11
,,,-0.09
,,,-0.11
,,,-0.14
,,,-0.16
,,,-0.15
,,,-0.13
,,,-0.04
,,,-0.11
,,,-0.12
,,,-0.1
,,,-0.13
,,,-0.12
3.7,20817.581,2.475923,-0.18
,,,-0.22
,,,-0.25
,,,
,,,-0.19
,,,-0.21
,,,-0.19
,,,-0.13
,,,-0.04
,,,-0.02
,,,-0.07
,,,-0.02
,,,-0.08
,,,-0.01
,,,-0.01
,,,-0.04
,,,0.02
,,,-0.05
,,,-0.02
,,,-0.04
,,,-0.06
,,,-0.02
,,,-0.06
3.6,,2.630398,-0.17
,,,-0.2
,,,-0.3
,,,-0.32
,,,-0.31
,,,-0.3
,,,-0.26
,,,-0.35
,,,-0.32
,,,-0.37
,,,-0.39
,,,-0.32
,,,-0.34
,,,-0.39
,,,-0.38
,,,-0.38
,,,-0.45
,,,-0.47
,,,-0.49
,,,-0.52
,,,-0.49
,,,-0.49
3.5,,2.622934,
,,,
,,,-0.51
,,,-0.5
,,,-0.4
,,,-0.41
,,,-0.33
,,,-0.23
,,,-0.21
,,,-0.16
,,,-0.06
,,,-0.15
,,,-0.18
,,,-0.15
,,,-0.14
,,,-0.17
,,,-0.22
,,,-0.28
,,,-0.16
,,,-0.13
,,,-0.11
,,,-0.2
3.6,20951.088,2.747596,-0.17
,,,-0.19
,,,-0.16
,,,-0.19
,,,-0.19
,,,-0.18
,,,-0.1
,,,-0.01
,,,0.08
,,,
,,,0.1
,,,0.09
,,,0.1
,,,0.1
,,,0.13
,,,0.13
,,,0.12
,,,0.1
,,,0.14
,,,0.2
,,,0.21
,,,0.16
,,,0.15
3.6,,2.772021,0.21
,,,0.26
,,,0.3
,,,0.25
,,,0.36
,,,0.39
,,,
,,,0.33
,,,0.31
,,,0.25
,,,0.27
,,,0.24
,,,0.22
,,,0.16
,,,0.19
,,,0.19
,,,0.15
,,,0.14
,,,0.15
,,,
,,,0.19
3.6,,2.752609,
,,,0.23
,,,0.15
,,,0.22
,,,0.26
,,,0.31
,,,0.29
,,,0.29
,,,0.22
,,,0.34
,,,0.25
,,,0.32
,,,0.33
,,,0.36
,,,0.35
,,,0.34
,,,0.34
,,,0.32
,,,
,,,0.32
,,,0.31
,,,0.33
,,,0.37
3.6,20665.553,2.790484,
,,,0.34
,,,0.28
,,,0.25
,,,0.29
,,,0.33
,,,0.31
,,,0.29
,,,0.28
,,,0.25
,,,0.22
,,,0.26
,,,0.28
,,,
,,,0.22
,,,0.22
,,,0.19
,,,0.16
,,,0.06
,,,0.08
,,,0.04
,,,0.0
,,,-0.04
3.5,,2.800101,
,,,-0.03
,,,0.04
,,,0.09
,,,0.08
,,,0.03
,,,-0.02
,,,0.02
,,,0.04
,,,0.02
,,,0.01
,,,
,,,-0.03
,,,-0.02
,,,-0.06
,,,-0.1
,,,-0.15
,,,-0.2
,,,-0.2
,,,-0.15
,,,-0.14
4.4,,2.606553,
,,,-0.03
,,,0.07
,,,0.3
,,,0.3
,,,0.29
,,,0.21
,,,0.32
,,,0.4
,,,0.55
,,,0.66
,,,0.49
,,,0.83
,,,1.16
,,,1.08
,,,0.87
,,,0.74
,,,0.83
,,,0.88
,,,0.83
,,,0.69
,,,0.58
,,,0.59
14.8,19034.83,2.179323,0.53
,,,0.54
,,,0.52
,,,0.52
,,,0.61
,,,0.55
,,,0.48
,,,
,,,0.5
,,,0.56
,,,0.49
,,,0.47
,,,0.53
,,,0.51
,,,0.47
,,,0.51
,,,0.5
,,,0.48
,,,0.55
,,,0.51
,,,0.53
,,,0.55
13.2,,2.01414,0.52
,,,0.51
,,,0.53
,,,0.6
,,,0.52
,,,0.57
,,,0.61
,,,0.56
,,,0.51
,,,0.51
,,,0.52
,,,0.6
,,,0.57
,,,0.56
,,,0.56
,,,0.54
,,,
,,,0.55
,,,0.53
,,,0.55
,,,0.51
11.0,,1.993544,0.52
,,,0.53
,,,0.61
,,,0.67
,,,0.76
,,,0.71
,,,0.65
,,,0.58
,,,0.49
,,,0.55
,,,0.53
,,,0.58
,,,0.57
,,,0.55
,,,0.55
,,,0.55
,,,0.56
,,,0.54
,,,0.52
,,,0.5
,,,0.5
,,,0.5
10.2,20511.785,2.281283,0.55
,,,0.54
,,,
,,,0.54
,,,0.5
,,,0.52
,,,0.49
,,,0.52
,,,0.5
,,,0.48
,,,0.48
,,,0.51
,,,0.53
,,,0.49
,,,0.48
,,,0.47
,,,0.47
,,,0.48
,,,0.51
,,,0.48
,,,0.47
,,,0.46
,,,0.46
8.4,,2.213149,
,,,0.46
,,,0.43
,,,0.45
,,,0.45
,,,0.47
,,,0.48
,,,0.53
,,,0.58
,,,0.61
,,,0.61
,,,0.59
,,,0.58
,,,0.57
,,,0.54
,,,0.54
,,,0.53
,,,0.58
,,,0.58
,,,0.63
,,,0.64
,,,0.61
7.8,,1.980283,0.56
,,,0.54
,,,0.52
,,,0.61
,,,
,,,0.56
,,,0.59
,,,0.56
,,,0.56
,,,0.57
,,,0.57
,,,0.57
,,,0.6
,,,0.6
,,,0.58
,,,0.58
,,,0.57
,,,0.57
,,,0.56
,,,0.56
,,,0.57
,,,0.59
6.8,20724.128,1.747303,0.59
,,,0.61
,,,0.68
,,,0.66
,,,0.71
,,,0.69
,,,0.69
,,,
,,,0.63
,,,0.61
,,,0.63
,,,0.65
,,,0.67
,,,0.71
,,,0.73
,,,0.78
,,,0.75
,,,0.7
,,,0.69
,,,0.69
,,,0.76
,,,0.79
6.7,,1.697582,
,,,0.78
,,,0.8
,,,0.68
,,,0.69
,,,0.73
,,,0.85
,,,0.88
,,,
,,,0.78
,,,0.8
,,,0.82
,,,0.78
,,,0.79
,,,0.79
,,,0.76
,,,0.78
,,,0.79
,,,0.79
,,,
,,,0.75
,,,0.76
6.7,,1.600671,0.83
,,,0.86
,,,0.84
,,,0.88
,,,0.86
,,,0.83
,,,0.87
,,,0.84
,,,0.82
,,,0.81
,,,0.84
,,,0.83
,,,0.86
,,,0.87
,,,0.86
,,,0.84
,,,0.87
,,,0.85
,,,
,,,0.83
,,,0.84
,,,0.85
,,,0.84
6.4,20990.541,1.400569,
,,,0.84
,,,0.87
,,,0.95
,,,0.99
,,,1.05
,,,1.07
,,,1.06
,,,1.01
,,,1.06
,,,1.02
,,,
,,,1.01
,,,1.02
,,,1.03
,,,1.02
,,,0.96
,,,0.98
,,,0.96
,,,1.0
,,,1.05
6.2,,1.405123,1.02
,,,1.05
,,,1.11
,,,1.11
,,,1.16
,,,1.14
,,,1.14
,,,1.1
,,,1.11
,,,1.16
,,,
,,,1.26
,,,1.25
,,,1.26
,,,1.3
,,,1.34
,,,1.33
,,,1.35
,,,1.5
,,,1.4
6.1,,1.592366,1.4
,,,1.38
,,,1.42
,,,1.5
,,,1.52
,,,1.54
,,,1.5
,,,1.49
,,,1.5
,,,1.6
,,,1.58
,,,1.6
,,,1.61
,,,1.7
,,,1.73
,,,1.66
,,,1.62
,,,1.6
,,,1.61
,,,1.65
,,,1.7
,,,1.71
,,,1.71
6.1,21309.544,2.209393,1.67
,,,1.7
,,,1.7
,,,1.65
,,,1.66
,,,1.63
,,,1.65
,,,1.67
,,,1.61
,,,1.62
,,,1.54
,,,1.57
,,,1.59
,,,1.55
,,,1.54
,,,1.54
,,,1.55
,,,1.55
,,,1.62
,,,1.62
,,,1.64
,,,1.64
5.8,,2.562825,
,,,1.59
,,,1.59
,,,1.57
,,,1.56
,,,1.58
,,,1.61
,,,1.63
,,,1.67
,,,1.64
,,,1.62
,,,1.62
,,,1.62
,,,1.67
,,,1.62
,,,1.62
,,,1.59
,,,1.54
,,,1.56
,,,1.59
,,,1.57
,,,
5.9,,2.558145,1.6
,,,1.57
,,,1.61
,,,1.54
,,,1.55
,,,1.51
,,,1.47
,,,1.42
,,,1.44
,,,1.48
,,,1.48
,,,1.53
,,,1.48
,,,1.4
,,,1.45
,,,1.44
,,,1.45
,,,1.44
,,,1.48
,,,1.44
,,,1.45
,,,1.4
5.4,21483.083,2.323597,1.43
,,,1.39
,,,
,,,1.32
,,,1.28
,,,1.24
,,,1.31
,,,1.33
,,,1.37
,,,1.31
,,,1.26
,,,1.26
,,,1.14
,,,1.18
,,,1.25
,,,1.22
,,,1.25
,,,1.24
,,,1.2
,,,1.21
,,,1.22
,,,1.18
5.1,,2.332419,
,,,1.15
,,,1.14
,,,1.14
,,,1.18
,,,1.25
,,,1.27
,,,1.31
,,,1.3
,,,1.3
,,,1.23
,,,1.2
,,,1.19
,,,1.2
,,,1.18
,,,1.21
,,,1.2
,,,1.24
,,,1.29
,,,1.29
,,,1.26
,,,1.24
,,,1.26
4.7,,2.610662,1.26
,,,1.24
,,,1.28
,,,
,,,1.33
,,,1.3
,,,1.26
,,,1.3
,,,1.27
,,,1.24
,,,1.27
,,,1.3
,,,1.33
,,,1.27
,,,1.3
,,,1.29
,,,1.38
,,,1.44
,,,1.44
,,,1.5
,,,1.51
,,,1.48
4.5,21847.602,3.007604,1.44
,,,1.45
,,,1.5
,,,1.49
,,,1.53
,,,1.56
,,,
,,,1.53
,,,1.51
,,,1.47
,,,1.54
,,,1.53
,,,1.6
,,,1.6
,,,1.62
,,,1.6
,,,1.58
,,,1.57
,,,1.48
,,,1.51
,,,1.5
4.1,,3.184384,1.53
,,,1.51
,,,1.55
,,,1.49
,,,1.4
,,,1.45
,,,1.42
,,,1.51
,,,
,,,1.53
,,,1.58
,,,1.58
,,,1.55
,,,1.54
,,,1.49
,,,1.58
,,,1.61
,,,1.58
,,,
,,,1.42
,,,1.46
,,,1.38
3.9,,3.456458,1.37
,,,1.39
,,,1.29
,,,1.38
,,,1.42
,,,1.45
,,,1.43
,,,1.42
,,,1.37
,,,1.39
,,,1.42
,,,1.39
,,,1.36
,,,1.36
,,,1.41
,,,1.38
,,,1.43
,,,
,,,1.42
,,,1.43
,,,1.5
,,,1.47
,,,1.46
4.0,21738.871,3.965498,
,,,1.55
,,,1.58
,,,1.62
,,,1.63
,,,1.66
,,,1.65
,,,1.64
,,,1.62
,,,1.58
,,,1.65
,,,
,,,1.71
,,,1.66
,,,1.66
,,,1.58
,,,1.56
,,,1.59
,,,1.66
,,,1.61
,,,1.59
,,,1.57
3.8,,4.280304,1.62
,,,1.59
,,,1.62
,,,1.7
,,,1.65
,,,1.71
,,,1.68
,,,1.63
,,,1.56
,,,1.55
,,,1.65
,,,1.65
,,,1.61
,,,1.57
,,,
,,,1.57
,,,1.65
,,,1.64
,,,1.64
,,,1.48
3.6,,4.534344,1.4
,,,1.52
,,,1.48
,,,1.4
,,,1.4
,,,1.5
,,,1.56
,,,1.59
,,,1.6
,,,1.69
,,,1.69
,,,1.75
,,,1.8
,,,1.72
,,,1.78
,,,1.87
,,,1.82
,,,1.82
,,,1.93
,,,1.87
,,,1.86
,,,1.8
,,,1.8
3.7,21708.16,4.703935,1.86
,,,1.76
,,,1.89
,,,1.94
,,,1.98
,,,2.02
,,,2.02
,,,1.98
,,,1.95
,,,2.04
,,,
,,,2.04
,,,2.12
,,,2.03
,,,2.07
,,,2.07
,,,1.9
,,,1.94
,,,2.0
,,,2.03
,,,2.04
3.6,,4.950974,
,,,2.09
,,,2.06
,,,2.04
,,,2.2
,,,2.27
,,,2.13
,,,2.1
,,,2.0
,,,1.88
,,,1.9
,,,1.81
,,,1.92
,,,1.86
,,,1.79
,,,1.75
,,,1.79
,,,1.7
,,,1.69
,,,1.68
,,,1.66
,,,
,,,1.69
3.6,,5.39633,1.79
,,,1.75
,,,1.75
,,,1.78
,,,1.72
,,,1.75
,,,1.74
,,,1.76
,,,1.7
,,,1.66
,,,1.59
,,,1.69
,,,1.62
,,,
,,,1.61
,,,1.55
,,,1.44
,,,1.4
,,,1.41
,,,1.41
,,,1.32
,,,1.26
3.5,21851.134,5.59073,1.15
,,,
,,,0.92
,,,1.03
,,,1.06
,,,1.11
,,,0.81
,,,0.74
,,,0.52
,,,0.56
,,,0.56
,,,0.46
,,,0.49
,,,0.53
,,,0.43
,,,0.28
,,,0.19
,,,0.26
,,,0.34
,,,0.26
,,,0.26
3.6,,5.951312,0.04
,,,0.19
,,,0.21
,,,0.18
,,,0.25
,,,0.12
,,,0.13
,,,0.13
,,,0.25
,,,0.21
,,,0.07
,,,0.12
,,,0.21
,,,0.17
,,,0.24
,,,0.21
,,,0.25
,,,0.29
,,,0.15
,,,0.15
,,,0.15
,,,0.14
,,,0.19
3.5,,6.348017,0.29
,,,0.26
,,,
,,,0.29
,,,0.2
,,,0.23
,,,0.25
,,,0.2
,,,0.14
,,,0.17
,,,0.23
,,,0.25
,,,0.12
,,,0.22
,,,0.2
,,,0.41
,,,0.45
,,,0.49
,,,0.62
,,,0.32
,,,0.4
,,,0.5
3.6,21989.981,6.312946,
,,,0.21
,,,0.17
,,,0.3
,,,0.37
,,,0.44
,,,
,,,0.26
,,,0.21
,,,0.18
,,,0.19
,,,0.05
,,,-0.03
,,,0.07
,,,0.15
,,,0.12
,,,0.09
,,,-0.04
,,,-0.07
,,,-0.17
,,,-0.16
,,,-0.12
3.6,,6.422543,-0.16
,,,-0.12
,,,-0.11
,,,-0.04
,,,-0.07
,,,-0.14
,,,-0.17
,,,-0.46
,,,
,,,-0.46
,,,-0.51
,,,-0.65
,,,-0.55
,,,-0.52
,,,-0.58
,,,-0.64
,,,-0.69
,,,
,,,-0.73
,,,-0.72
,,,-0.63
,,,-0.69
3.5,,6.538167,-0.8
,,,-0.83
,,,-0.76
,,,-0.86
,,,-0.87
,,,-0.8
,,,-0.74
,,,-0.77
,,,-0.84
,,,-0.84
,,,-0.9
,,,-0.83
,,,-0.8
,,,-0.66
,,,-0.65
,,,-0.68
,,,-0.59
,,,
,,,-0.62
,,,-0.58
,,,-0.62
,,,-0.54
3.4,22112.329,6.487554,
,,,
,,,-0.74
,,,-0.86
,,,-0.95
,,,-1.12
,,,-1.17
,,,-1.12
,,,-1.18
,,,-1.23
,,,-1.18
,,,
,,,-1.18
,,,-1.32
,,,-1.32
,,,-1.24
,,,-1.21
,,,-1.26
,,,-1.26
,,,-1.22
,,,-1.21
,,,-1.17
,,,-1.18
3.6,,6.525,-1.27
,,,-1.26
,,,-1.17
,,,-1.08
,,,-1.04
,,,-1.09
,,,-1.1
,,,-1.05
,,,-1.09
,,,-1.03
,,,-0.98
,,,-0.98
,,,-1.02
,,,
,,,-0.91
,,,-0.91
,,,-0.96
,,,-0.91
,,,-0.97
,,,-0.96
3.5,,6.390946,-0.89
,,,-0.83
,,,-0.94
,,,-0.95
,,,-1.07
,,,-1.08
,,,-1.12
,,,-1.31
,,,-1.32
,,,-1.24
,,,-1.24
,,,-1.18
,,,-1.13
,,,-1.34
,,,-1.19
,,,-1.31
,,,-1.35
,,,-1.36
,,,-1.38
,,,-1.25
,,,-1.23
,,,-1.42
,,,-1.37
3.4,22225.35,6.264224,
,,,-1.47
,,,-1.53
,,,-1.56
,,,-1.61
,,,-1.56
,,,-1.67
,,,-1.61
,,,-1.61
,,,-1.65
,,,-1.62
,,,-1.61
,,,-1.62
,,,-1.56
,,,-1.58
,,,-1.57
,,,-1.68
,,,-1.72
,,,-1.73
,,,-1.65
,,,-1.66
3.7,,5.975255,-1.68
,,,-1.8
,,,-1.88
,,,-1.89
,,,-1.82
,,,-1.79
,,,-1.76
,,,-1.81
,,,-1.81
,,,-1.79
,,,-1.71
,,,-1.69
,,,-1.69
,,,-1.66
,,,-1.59
,,,-1.68
,,,-1.64
,,,-1.64
,,,-1.55
,,,-1.54
,,,
,,,-1.86
,,,-1.88
3.6,,5.586684,-1.89
,,,-1.81
,,,-1.77
,,,-1.74
,,,-1.63
,,,-1.65
,,,-1.62
,,,-1.67
,,,-1.52
,,,-1.53
,,,-1.61
,,,-1.57
,,,
,,,-1.65
,,,-1.68
,,,-1.6
,,,-1.67
,,,-1.78
,,,-1.67
,,,-1.73
,,,-1.61
,,,-1.62
3.5,22490.692,5.405751,
,,,-1.58
,,,
,,,-1.49
,,,-1.41
,,,-1.4
,,,-1.47
,,,-1.5
,,,-1.61
,,,-1.71
,,,-1.66
,,,-1.68
,,,-1.69
,,,-1.74
,,,-1.64
,,,-1.66
,,,-1.65
,,,-1.6
,,,-1.65
,,,-1.5
,,,-1.56
,,,-1.58
3.8,,5.172225,-1.49
,,,-1.45
,,,-1.34
,,,-1.49
,,,-1.47
,,,-1.55
,,,-1.55
,,,-1.45
,,,-1.38
,,,-1.37
,,,-1.35
,,,-1.28
,,,-1.26
,,,-1.29
,,,-1.23
,,,-1.23
,,,-1.38
,,,-1.35
,,,-1.36
,,,-1.38
,,,-1.44
,,,-1.44
,,,-1.47
3.8,,4.95977,-1.35
,,,
,,,-1.28
,,,-1.25
,,,-1.26
,,,-1.29
,,,-1.26
,,,-1.29
,,,-1.3
,,,-1.26
,,,-1.23
,,,-1.23
,,,-1.17
,,,-1.21
,,,-1.08
,,,-1.12
,,,-1.03
,,,-1.02
,,,-0.97
,,,-0.97
,,,-0.96
3.8,22679.255,4.882928,
,,,-0.93
,,,-0.81
,,,-0.88
,,,-0.89
,,,-0.85
,,,
,,,-0.95
,,,-1.03
,,,-0.93
,,,-0.99
,,,-0.9
,,,-0.79
,,,-0.7
,,,-0.62
,,,-0.65
,,,-0.72
,,,-0.75
,,,-0.64
,,,-0.73
,,,-0.75
,,,-0.72
,,,-0.71
3.7,,4.688293,-0.8
,,,-0.87
,,,-0.96
,,,-0.89
,,,-0.97
,,,-1.05
,,,-0.92
,,,-0.92
,,,-0.92
,,,-1.08
,,,-1.0
,,,-1.06
,,,-1.06
,,,-1.12
,,,-1.12
,,,-1.12
,,,
,,,-1.07
,,,-1.1
,,,-1.13
,,,-1.18
,,,-1.08
3.7,,4.554396,-1.21
,,,-1.18
,,,-1.27
,,,-1.33
,,,-1.3
,,,-1.21
,,,-1.24
,,,-1.26
,,,-1.4
,,,-1.51
,,,-1.53
,,,-1.51
,,,-1.5
,,,-1.58
,,,-1.53
,,,-1.54
,,,
,,,-1.56
,,,-1.65
,,,-1.61
,,,-1.52
3.7,22758.752,4.603922367,
,,,-1.51
,,,-1.57
,,,-1.49
,,,-1.42
,,,-1.48
,,,-1.45
,,,-1.42
,,,-1.48
,,,-1.49
,,,
,,,-1.38
,,,-1.37
,,,-1.31
,,,-1.3
,,,-1.35
,,,-1.31
,,,-1.26
,,,-1.3
,,,-1.29
,,,-1.34
,,,-1.36
,,,-1.43
3.9,,4.403102398,-1.55
,,,-1.4
,,,-1.25
,,,-1.35
,,,-1.34
,,,-1.29
,,,-1.27
,,,-1.26
,,,-1.14
,,,-1.16
,,,-1.19
,,,-1.14
,,,
,,,-1.17
,,,-1.12
,,,-1.12
,,,-1.2
,,,-1.19
,,,-1.14
,,,-1.18
,,,-1.2
3.8,,4.509212494,-1.23
,,,-1.26
,,,-1.34
,,,-1.36
,,,-1.38
,,,-1.37
,,,-1.38
,,,-1.32
,,,-1.29
,,,-1.19
,,,-1.17
,,,-1.14
,,,-1.18
,,,-1.2
,,,-1.21
,,,-1.24
,,,-1.21
,,,-1.22
,,,-1.25
,,,-1.26
,,,
3.9,,4.412394524,-1.11
,,,-1.06
,,,-1.06
,,,-1.1
,,,-1.04
,,,-1.01
,,,-1.07
,,,-0.9
,,,-0.89
,,,-0.95
,,,-0.82
,,,-0.78
,,,-0.86
,,,-0.82
,,,-0.83
,,,-0.8
,,,-0.84
,,,-0.81
,,,-0.77
,,,-0.79
,,,-0.82
,,,-0.77
4.0,,4.302023411,-0.83
,,,-0.88
,,,-0.95
,,,-0.96
,,,-0.98
,,,-0.97
,,,-1.01
,,,-0.97
,,,-0.97
,,,-0.99
,,,-1.09
,,,-1.07
,,,-1.04
,,,-1.01
,,,-1.04
,,,-1.02
,,,-0.99
,,,-1.0
,,,
,,,-0.92
,,,-0.85
,,,-0.91
,,,-0.95
,,,-1.11
,,,-1.19
,,,-1.22
,,,-1.23
,,,-1.09
,,,-1.05
,,,-1.13
,,,-1.2
,,,-1.27
,,,-1.31
,,,-1.24
,,,-1.28
,,,
,,,-1.25
,,,-1.24
,,,-1.25
,,,-1.26
,,,-1.18
,,,-1.2
,,,-1.12
,,,-0.99
,,,-1.04
